ID,theta_E,theta_E_sigma,theta_E_true,sigma_scale_rmsz_val
00006092,0.5591,0.0446,0.6144,0.8923
00008167,0.5778,0.0422,0.5813,0.8923
00004629,0.4602,0.0349,0.4664,0.8923
00008308,0.6850,0.0505,0.7034,0.8923
00010590,1.1962,0.1096,1.1890,0.8923
00006056,1.0010,0.0918,0.9905,0.8923
00009954,1.3745,0.1514,1.2388,0.8923
00009062,0.9048,0.0820,1.0111,0.8923
00011168,0.7992,0.0636,0.8933,0.8923
00003471,0.4017,0.0371,0.4357,0.8923
00003896,0.4012,0.0360,0.3722,0.8923
00003407,1.0125,0.1133,0.9692,0.8923
00003016,0.5277,0.0371,0.5453,0.8923
00002059,1.2352,0.1150,1.1767,0.8923
00010852,0.6070,0.0440,0.6053,0.8923
00005535,0.9242,0.0758,0.8708,0.8923
00000221,0.5711,0.0432,0.4897,0.8923
00006744,0.4564,0.0355,0.4884,0.8923
00004891,0.5282,0.0374,0.5588,0.8923
00002636,0.6614,0.0518,0.6387,0.8923
00006902,0.3360,0.0290,0.3455,0.8923
00005089,0.8776,0.1023,0.7826,0.8923
00010761,0.3870,0.0339,0.3654,0.8923
00006035,0.6431,0.0552,0.6460,0.8923
00007102,0.4945,0.0381,0.4541,0.8923
00005035,0.4337,0.0421,0.4044,0.8923
00010402,0.6871,0.0599,0.7087,0.8923
00001731,0.4501,0.0446,0.5012,0.8923
00009462,0.3614,0.0289,0.3672,0.8923
00000187,0.6996,0.0570,0.6834,0.8923
00010798,0.7224,0.0568,0.7819,0.8923
00010361,0.4169,0.0753,0.4039,0.8923
00009110,1.0556,0.1127,0.9835,0.8923
00001580,0.3533,0.0346,0.3537,0.8923
00000121,0.6400,0.0855,0.9038,0.8923
00010682,1.1575,0.1109,1.0695,0.8923
00010735,0.3723,0.0340,0.3648,0.8923
00000852,0.5617,0.0416,0.5304,0.8923
00006201,1.5052,0.1708,1.5782,0.8923
00003529,0.2539,0.0263,0.2524,0.8923
00003439,1.9010,0.3123,1.4354,0.8923
00005996,1.6336,0.1777,1.7852,0.8923
00005021,0.4794,0.0383,0.4094,0.8923
00004139,0.9258,0.0741,0.9175,0.8923
00007322,0.4529,0.0355,0.3873,0.8923
00009532,0.3004,0.0376,0.3524,0.8923
00003518,0.8440,0.0643,0.8656,0.8923
00007387,0.3904,0.0355,0.3636,0.8923
00003056,0.8879,0.0867,0.9213,0.8923
00005931,0.5125,0.0400,0.5191,0.8923
00009614,0.4088,0.0353,0.4458,0.8923
00007264,0.7353,0.0774,0.7868,0.8923
00004527,0.5198,0.0408,0.5263,0.8923
00008047,0.9018,0.0943,0.8847,0.8923
00005352,0.5078,0.0380,0.5156,0.8923
00003301,0.4282,0.0318,0.4536,0.8923
00006908,0.3064,0.0380,0.2482,0.8923
00001445,0.4798,0.0426,0.4740,0.8923
00004497,1.0689,0.1209,1.0450,0.8923
00002630,1.6661,0.2312,1.6572,0.8923
00010355,0.7118,0.0669,0.5821,0.8923
00003671,0.7695,0.0612,0.6623,0.8923
00010469,0.8213,0.0611,0.8179,0.8923
00008473,1.3950,0.1828,1.4039,0.8923
00006540,0.4514,0.0385,0.4441,0.8923
00001880,2.9461,0.6542,3.7551,0.8923
00005936,0.6710,0.0513,0.6339,0.8923
00002298,0.4724,0.0357,0.4560,0.8923
00001751,1.1879,0.1077,1.3476,0.8923
00009858,0.3088,0.0270,0.3058,0.8923
00007901,0.5751,0.0522,0.5809,0.8923
00004084,0.7685,0.0580,0.8306,0.8923
00010622,0.4053,0.0350,0.4354,0.8923
00009756,0.3244,0.0337,0.3219,0.8923
00003337,1.2947,0.1275,1.2336,0.8923
00009919,1.1850,0.1262,1.2419,0.8923
00007385,1.3880,0.1674,1.5600,0.8923
00010459,0.2669,0.0260,0.2794,0.8923
00003282,0.4562,0.0355,0.4761,0.8923
00004765,1.0939,0.1032,1.1301,0.8923
00007666,0.7985,0.0816,0.8496,0.8923
00001272,1.0875,0.0940,1.2125,0.8923
00011116,0.3869,0.0341,0.4074,0.8923
00004544,0.4925,0.0477,0.4837,0.8923
00010719,1.0912,0.1155,1.2429,0.8923
00001086,1.1665,0.1107,1.1296,0.8923
00006658,0.5156,0.0973,0.5072,0.8923
00000016,0.3231,0.0351,0.3367,0.8923
00001422,0.4558,0.0330,0.4673,0.8923
00008233,0.2220,0.0312,0.2153,0.8923
00002108,1.4918,0.1798,1.7358,0.8923
00001594,1.9369,0.2990,1.7679,0.8923
00008115,1.0048,0.1100,0.9996,0.8923
00004155,1.4993,0.1747,1.0112,0.8923
00009357,2.0645,0.2815,1.5092,0.8923
00002746,0.4656,0.0338,0.4588,0.8923
00006973,0.3858,0.0318,0.3802,0.8923
00006890,0.2131,0.0355,0.2187,0.8923
00002156,0.7793,0.0601,0.8501,0.8923
00008804,0.4679,0.0544,0.3612,0.8923
00009013,0.3259,0.0351,0.3444,0.8923
00002117,0.3380,0.0424,0.3275,0.8923
00007153,0.5564,0.0401,0.5804,0.8923
00009642,0.2987,0.0288,0.2922,0.8923
00002222,0.4059,0.0312,0.3981,0.8923
00007230,0.4618,0.0483,0.4766,0.8923
00004313,0.3757,0.0327,0.3866,0.8923
00010465,1.4860,0.1703,1.3845,0.8923
00003659,0.3995,0.0294,0.3952,0.8923
00003746,0.3763,0.0279,0.3613,0.8923
00010141,0.4879,0.0465,0.4524,0.8923
00003795,0.6843,0.0469,0.6877,0.8923
00006123,1.5771,0.1942,1.3628,0.8923
00008536,0.5987,0.1131,0.5574,0.8923
00008378,0.7346,0.0956,0.7323,0.8923
00006065,0.5187,0.0382,0.5213,0.8923
00005609,0.4872,0.0355,0.5020,0.8923
00002498,0.2810,0.0352,0.2757,0.8923
00006103,0.3210,0.0374,0.3113,0.8923
00010228,0.3891,0.0494,0.3712,0.8923
00000829,0.9781,0.0949,0.7559,0.8923
00003569,0.2095,0.0354,0.2075,0.8923
00010187,0.6019,0.0424,0.6027,0.8923
00003050,0.5323,0.0409,0.5630,0.8923
00002233,0.9429,0.0947,1.0451,0.8923
00008791,0.6029,0.0429,0.5650,0.8923
00009031,0.6128,0.0448,0.6355,0.8923
00009126,0.2944,0.0289,0.2965,0.8923
00009520,2.6327,0.3988,3.3365,0.8923
00001316,0.7556,0.0658,0.7138,0.8923
00005462,1.0057,0.2178,1.0975,0.8923
00007618,0.3266,0.0295,0.3356,0.8923
00002523,0.1721,0.0349,0.1692,0.8923
00001219,1.2889,0.1436,1.4204,0.8923
00003323,1.7382,0.2038,1.6654,0.8923
00004763,0.2417,0.0276,0.2274,0.8923
00005843,0.5216,0.0416,0.5206,0.8923
00000292,0.2337,0.0277,0.2504,0.8923
00006722,0.2947,0.0264,0.3042,0.8923
00008482,1.1747,0.1107,1.2069,0.8923
00010974,0.5785,0.0440,0.5648,0.8923
00004584,0.4458,0.0363,0.4452,0.8923
00009777,0.2996,0.0331,0.3080,0.8923
00009042,0.5840,0.0452,0.5131,0.8923
00001677,0.7404,0.0721,0.7886,0.8923
00001820,0.2641,0.0415,0.2058,0.8923
00006380,0.5793,0.0463,0.6061,0.8923
00005967,0.3062,0.0305,0.3037,0.8923
00009733,0.4665,0.0351,0.4575,0.8923
00006536,0.7017,0.0597,0.7033,0.8923
00006328,0.4750,0.0629,0.5752,0.8923
00009704,0.9899,0.1550,1.1923,0.8923
00000547,1.9273,0.2581,2.1632,0.8923
00009801,2.1425,0.2488,2.0285,0.8923
00004226,0.1921,0.0330,0.1826,0.8923
00009285,1.0017,0.0812,0.9818,0.8923
00003174,0.4108,0.0317,0.3903,0.8923
00006878,1.8027,0.2206,1.5640,0.8923
00000122,0.6026,0.0648,0.7063,0.8923
00001794,0.4315,0.0321,0.4087,0.8923
00006748,0.7227,0.0624,0.7041,0.8923
00000620,0.7881,0.0569,0.7078,0.8923
00001947,0.9181,0.0789,0.8818,0.8923
00007584,0.4735,0.0348,0.4658,0.8923
00010922,0.6301,0.0575,0.5764,0.8923
00010899,1.4262,0.1459,1.5272,0.8923
00002412,2.5547,0.3583,2.4821,0.8923
00009489,0.7368,0.0671,0.7343,0.8923
00005211,0.5898,0.0420,0.6171,0.8923
00006254,2.3494,0.3164,2.3641,0.8923
00008133,0.3393,0.0285,0.3301,0.8923
00001224,0.6418,0.0491,0.6299,0.8923
00002500,0.9235,0.0706,0.9285,0.8923
00003240,0.4278,0.0347,0.4025,0.8923
00002321,0.3635,0.0318,0.4255,0.8923
00001198,1.6064,0.2044,1.7323,0.8923
00000821,0.2864,0.0313,0.3002,0.8923
00002754,0.6099,0.0486,0.6257,0.8923
00004533,0.4638,0.0342,0.4202,0.8923
00004028,1.2910,0.1613,1.4438,0.8923
00003425,0.5067,0.0353,0.5079,0.8923
00003682,0.6254,0.0788,0.7240,0.8923
00004814,0.3617,0.0308,0.3246,0.8923
00009364,1.0095,0.0853,1.1414,0.8923
00005808,1.5248,0.1669,1.4519,0.8923
00007013,1.0002,0.2888,0.8397,0.8923
00004208,0.1945,0.0328,0.1868,0.8923
00004966,1.2363,0.1442,1.2508,0.8923
00001454,1.1585,0.2914,1.3174,0.8923
00007857,0.7510,0.0523,0.7689,0.8923
00002811,0.7721,0.0584,0.7197,0.8923
00003410,0.4248,0.0343,0.4142,0.8923
00007455,1.0983,0.1144,1.0388,0.8923
00010108,0.3105,0.0322,0.3035,0.8923
00010082,0.6216,0.0470,0.6416,0.8923
00000519,1.0955,0.0930,1.0779,0.8923
00005470,0.4565,0.0328,0.4747,0.8923
00000782,1.3643,0.1404,1.4025,0.8923
00001610,0.7780,0.0799,0.6155,0.8923
00001475,0.4522,0.0385,0.4226,0.8923
00007343,0.6241,0.0499,0.5987,0.8923
00004634,0.6955,0.0829,0.7935,0.8923
00004762,0.7127,0.0535,0.6775,0.8923
00010403,0.2558,0.0329,0.3008,0.8923
00004197,0.4270,0.0333,0.4593,0.8923
00005536,0.3330,0.0325,0.3791,0.8923
00009271,1.3977,0.1466,1.4616,0.8923
00007790,0.5178,0.0557,0.5380,0.8923
00009596,0.5358,0.0436,0.4131,0.8923
00010206,0.4104,0.0300,0.4032,0.8923
00010515,1.2668,0.1171,1.3089,0.8923
00009768,0.9867,0.0813,1.0480,0.8923
00010787,2.0169,0.2500,1.9232,0.8923
00000690,0.5679,0.0470,0.5494,0.8923
00003281,0.4941,0.0502,0.4905,0.8923
00009842,1.3010,0.1430,1.1916,0.8923
00009205,0.4489,0.0348,0.4972,0.8923
00004086,0.4981,0.0402,0.4904,0.8923
00007897,0.5264,0.0476,0.5014,0.8923
00003863,0.7078,0.0536,0.6958,0.8923
00000846,0.5283,0.0391,0.5478,0.8923
00006573,2.2887,0.2853,2.1521,0.8923
00005007,1.5887,0.1848,1.4428,0.8923
00006286,0.8060,0.0668,0.8710,0.8923
00004581,1.5864,0.2130,1.4942,0.8923
00005615,0.2340,0.0256,0.2376,0.8923
00007361,0.6296,0.0536,0.6833,0.8923
00008369,0.4906,0.0403,0.5270,0.8923
00007561,0.8925,0.0916,0.8887,0.8923
00000841,1.9652,0.2364,1.9565,0.8923
00003004,2.0407,0.2682,1.8156,0.8923
00005854,1.7948,0.2303,1.5123,0.8923
00007452,2.4109,0.3214,2.7306,0.8923
00002496,1.2213,0.1178,1.2459,0.8923
00005969,1.2751,0.1298,1.3198,0.8923
00007294,0.8060,0.0764,0.8576,0.8923
00010250,0.7114,0.0510,0.7104,0.8923
00001442,0.6175,0.0431,0.5912,0.8923
00010600,0.7430,0.0909,0.6448,0.8923
00001302,0.5914,0.0435,0.6178,0.8923
00003079,0.8040,0.0669,0.7519,0.8923
00003704,0.8981,0.1370,0.8343,0.8923
00001335,1.1913,0.1805,1.0572,0.8923
00005031,0.3020,0.0291,0.3301,0.8923
00011058,0.3995,0.0315,0.4118,0.8923
00004888,0.5338,0.0376,0.5145,0.8923
00009150,0.2910,0.0293,0.2432,0.8923
00006836,0.5338,0.0452,0.5938,0.8923
00004816,0.8164,0.0674,0.8021,0.8923
00006520,0.5317,0.0391,0.5421,0.8923
00002592,0.7513,0.0617,0.7700,0.8923
00007049,0.5255,0.0474,0.4962,0.8923
00000202,0.9316,0.0840,0.9007,0.8923
00002958,0.8985,0.0721,0.9326,0.8923
00011119,0.9827,0.1000,0.8459,0.8923
00005641,0.2259,0.0254,0.2245,0.8923
00004555,0.3854,0.0363,0.4324,0.8923
00007469,0.7205,0.1010,0.6056,0.8923
00007416,0.6660,0.0646,0.6931,0.8923
00008989,0.6678,0.0526,0.6738,0.8923
00007273,0.6178,0.0593,0.5674,0.8923
00005143,0.4238,0.0446,0.4549,0.8923
00000711,1.2979,0.1285,1.3627,0.8923
00004244,0.3321,0.0410,0.3725,0.8923
00003253,0.7361,0.0566,0.7398,0.8923
00008335,0.2274,0.0266,0.2193,0.8923
00010421,0.5489,0.0488,0.6039,0.8923
00006730,0.3764,0.0336,0.3825,0.8923
00010358,0.6039,0.0438,0.5998,0.8923
00000767,0.2829,0.0294,0.2901,0.8923
00002661,1.2386,0.1812,1.5839,0.8923
00004067,0.5773,0.0443,0.5796,0.8923
00005559,0.2617,0.0277,0.2278,0.8923
00009828,0.7774,0.0638,0.7460,0.8923
00001204,0.4248,0.0378,0.4946,0.8923
00008575,0.4146,0.0361,0.3889,0.8923
00003119,0.5037,0.0496,0.5620,0.8923
00001252,0.6927,0.0644,0.6815,0.8923
00010099,0.5872,0.0517,0.6058,0.8923
00001887,0.6706,0.0500,0.6243,0.8923
00000356,2.2696,0.4111,2.6226,0.8923
00005271,0.2335,0.0292,0.2343,0.8923
00009748,0.5733,0.0388,0.5654,0.8923
00000197,0.5078,0.0361,0.4978,0.8923
00010104,0.5503,0.0456,0.5138,0.8923
00008755,0.3483,0.0371,0.3631,0.8923
00003860,0.5250,0.0390,0.5391,0.8923
00003627,1.6616,0.2049,1.8377,0.8923
00002105,1.0947,0.0909,1.0899,0.8923
00003947,0.2804,0.0263,0.2900,0.8923
00003521,0.2923,0.0298,0.2910,0.8923
00002172,0.5075,0.0393,0.4754,0.8923
00008647,0.7767,0.1259,0.6521,0.8923
00007055,0.8783,0.0718,0.9645,0.8923
00010943,1.0662,0.1054,1.0644,0.8923
00002582,0.5643,0.0403,0.5676,0.8923
00009779,0.6213,0.0551,0.6177,0.8923
00003371,1.7283,0.2183,1.9493,0.8923
00001850,0.3650,0.0291,0.3605,0.8923
00001215,0.5710,0.0394,0.5855,0.8923
00009485,1.4534,0.1747,1.3951,0.8923
00006064,0.4611,0.0412,0.4564,0.8923
00002671,0.5528,0.0432,0.5434,0.8923
00005827,0.4408,0.0460,0.4455,0.8923
00004652,0.4373,0.0394,0.4172,0.8923
00004464,0.4590,0.0353,0.4765,0.8923
00006113,0.3815,0.0300,0.3960,0.8923
00006117,0.9238,0.0960,1.0105,0.8923
00002329,0.3912,0.0315,0.4098,0.8923
00005261,1.0079,0.0864,1.0027,0.8923
00005426,0.5578,0.0454,0.5508,0.8923
00006362,0.7734,0.0566,0.7726,0.8923
00001993,0.8433,0.0652,0.8546,0.8923
00003608,0.3226,0.0280,0.3462,0.8923
00010150,0.5773,0.0474,0.5887,0.8923
00005550,0.8227,0.0630,0.7002,0.8923
00007394,0.9178,0.0795,1.0483,0.8923
00007462,0.3864,0.0336,0.3671,0.8923
00000890,0.6030,0.0464,0.6951,0.8923
00008764,0.5979,0.0508,0.5593,0.8923
00001790,1.3103,0.1266,1.2606,0.8923
00004031,0.2784,0.0322,0.3250,0.8923
00010452,0.7027,0.0581,0.6301,0.8923
00005096,0.3654,0.0348,0.3556,0.8923
00009314,0.7298,0.0546,0.7356,0.8923
00004671,0.5076,0.0351,0.4980,0.8923
00008998,0.4798,0.0440,0.4417,0.8923
00009843,1.6558,0.1703,1.6765,0.8923
00008342,0.6787,0.0500,0.7090,0.8923
00004676,1.5649,0.1746,1.6986,0.8923
00009033,0.8360,0.0787,0.8815,0.8923
00008197,0.3929,0.0419,0.3867,0.8923
00006560,0.8084,0.0736,0.7634,0.8923
00006358,0.3827,0.0300,0.3942,0.8923
00000735,0.8444,0.0695,0.8985,0.8923
00003136,0.5695,0.1140,0.4527,0.8923
00006461,0.6333,0.0576,0.5770,0.8923
00010280,0.6204,0.0446,0.6559,0.8923
00009443,0.3758,0.0347,0.3726,0.8923
00008251,0.9187,0.0895,0.9309,0.8923
00004330,0.4514,0.0342,0.4629,0.8923
00009728,0.4063,0.0336,0.4025,0.8923
00002839,0.7432,0.0551,0.7952,0.8923
00009800,0.8232,0.0601,0.8183,0.8923
00003336,0.4632,0.0395,0.4905,0.8923
00004241,0.3143,0.0342,0.3082,0.8923
00002588,0.3174,0.0324,0.2616,0.8923
00005135,0.8223,0.0801,0.5678,0.8923
00003275,0.6669,0.0457,0.6926,0.8923
00008512,0.8106,0.0671,0.7561,0.8923
00000045,0.2316,0.0307,0.2193,0.8923
00000708,0.6764,0.0487,0.6719,0.8923
00010813,0.3685,0.0299,0.3759,0.8923
00005907,0.4118,0.0321,0.4157,0.8923
00002406,0.4578,0.0468,0.4314,0.8923
00007908,0.4179,0.0354,0.4014,0.8923
00006883,0.6225,0.0447,0.6264,0.8923
00000972,1.1437,0.1112,1.0879,0.8923
00008187,0.5225,0.0540,0.5544,0.8923
00000004,0.2916,0.0284,0.2646,0.8923
00004964,1.0796,0.1774,1.1743,0.8923
00003813,0.9954,0.0855,1.0209,0.8923
00003599,0.5852,0.0435,0.5874,0.8923
00007363,0.4482,0.0379,0.4661,0.8923
00011068,1.6288,0.1863,1.8663,0.8923
00006830,0.7013,0.0472,0.7142,0.8923
00005460,1.4116,0.1898,1.2740,0.8923
00002749,0.6555,0.0526,0.6071,0.8923
00003365,0.5862,0.0618,0.5233,0.8923
00005701,0.2847,0.0272,0.2724,0.8923
00009746,0.4641,0.0390,0.4645,0.8923
00002142,0.7757,0.0552,0.8419,0.8923
00001251,0.5137,0.0404,0.4823,0.8923
00008745,0.5804,0.0511,0.5852,0.8923
00003765,0.4036,0.0339,0.4156,0.8923
00002627,1.1031,0.0968,1.0864,0.8923
00010703,0.4764,0.0352,0.4681,0.8923
00003955,1.2213,0.1183,1.3275,0.8923
00002421,1.5546,0.1760,1.4274,0.8923
00006663,0.7853,0.0640,0.7490,0.8923
00004358,1.7037,0.2904,2.0438,0.8923
00000481,0.3583,0.0287,0.3315,0.8923
00001061,0.3511,0.0301,0.3379,0.8923
00004725,0.8868,0.0671,0.8873,0.8923
00009257,0.6718,0.0512,0.7013,0.8923
00009744,0.4838,0.0349,0.5145,0.8923
00010612,0.6667,0.0525,0.6488,0.8923
00001547,0.5900,0.0486,0.6413,0.8923
00001530,0.5180,0.0397,0.5403,0.8923
00003383,1.2314,0.1123,1.1636,0.8923
00004180,0.8634,0.0781,0.8837,0.8923
00008520,0.6600,0.0525,0.7572,0.8923
00006644,0.5309,0.0401,0.4988,0.8923
00009930,0.5057,0.0439,0.4586,0.8923
00001865,0.3008,0.0623,0.3090,0.8923
00001828,0.2917,0.0295,0.2930,0.8923
00000050,0.6955,0.0566,0.6663,0.8923
00002943,0.4863,0.0466,0.4239,0.8923
00003468,0.2468,0.0273,0.1976,0.8923
00010953,0.9613,0.0859,0.8931,0.8923
00006326,0.7038,0.0487,0.6764,0.8923
00006866,0.9876,0.0817,1.0042,0.8923
00005116,1.4117,0.1634,1.2488,0.8923
00007305,0.6665,0.0468,0.6345,0.8923
00006272,0.4307,0.0350,0.4150,0.8923
00006959,0.8626,0.0885,0.9806,0.8923
00010882,0.5590,0.0504,0.5708,0.8923
00007793,0.3766,0.0338,0.3783,0.8923
00009787,0.6297,0.0455,0.6246,0.8923
00001836,0.5452,0.0404,0.5289,0.8923
00005437,1.4996,0.1678,1.5490,0.8923
00001903,2.5387,0.4144,2.9916,0.8923
00007642,0.2932,0.0343,0.2560,0.8923
00000925,0.6956,0.0582,0.6628,0.8923
00009762,0.6569,0.0533,0.6675,0.8923
00008986,0.7277,0.0550,0.7685,0.8923
00000387,0.6590,0.0505,0.6371,0.8923
00010554,1.2655,0.1258,1.2176,0.8923
00007949,1.0744,0.0893,1.1197,0.8923
00006887,0.5378,0.0410,0.5352,0.8923
00006291,0.5552,0.0440,0.5831,0.8923
00002817,1.6327,0.2313,1.6094,0.8923
00005029,0.5253,0.0402,0.5224,0.8923
00006294,0.4228,0.0511,0.4256,0.8923
00002485,0.4771,0.0413,0.4796,0.8923
00009999,0.9200,0.1416,1.0042,0.8923
00001749,0.4332,0.0328,0.4362,0.8923
00009540,0.4315,0.0350,0.4612,0.8923
00009699,0.8102,0.0635,0.7901,0.8923
00003898,0.8525,0.0763,0.9674,0.8923
00002378,0.3337,0.0282,0.3488,0.8923
00005150,0.3092,0.0293,0.3347,0.8923
00004970,0.7285,0.0616,0.7191,0.8923
00007380,1.2400,0.1742,1.1920,0.8923
00001961,1.2406,0.1107,1.2861,0.8923
00004074,0.4530,0.0343,0.4833,0.8923
00003583,0.6641,0.0989,0.8509,0.8923
00001187,0.6311,0.0736,0.6967,0.8923
00003112,1.3606,0.1435,1.1746,0.8923
00004177,0.3098,0.0280,0.3240,0.8923
00000843,0.7806,0.0668,0.7673,0.8923
00010913,0.4448,0.0332,0.4403,0.8923
00009492,0.3252,0.0310,0.3656,0.8923
00002822,0.5750,0.0440,0.5823,0.8923
00001645,0.3668,0.0321,0.3815,0.8923
00001752,0.4354,0.0352,0.4344,0.8923
00003036,0.4339,0.0339,0.4283,0.8923
00008363,0.7503,0.0541,0.8187,0.8923
00005934,0.9099,0.1003,0.6702,0.8923
00002882,1.6408,0.2084,1.6858,0.8923
00003835,0.2803,0.0295,0.3032,0.8923
00004892,0.3769,0.0387,0.3934,0.8923
00003163,0.8762,0.0702,0.8179,0.8923
00009682,0.7948,0.0728,0.8079,0.8923
00001418,0.7195,0.0831,0.6628,0.8923
00002286,0.3116,0.0385,0.2691,0.8923
00005039,0.4272,0.0370,0.4228,0.8923
00002259,0.6696,0.0582,0.7066,0.8923
00006950,1.1159,0.1387,1.2288,0.8923
00002252,0.5430,0.0391,0.5716,0.8923
00000295,0.8595,0.0764,0.7908,0.8923
00008902,0.2013,0.0262,0.1924,0.8923
00010664,0.5056,0.0443,0.5175,0.8923
00008967,0.3715,0.0360,0.3661,0.8923
00001981,0.7687,0.0742,0.7678,0.8923
00003674,0.5520,0.0426,0.5483,0.8923
00008135,2.2701,0.3216,2.0410,0.8923
00007461,0.5940,0.0610,0.5974,0.8923
00008141,0.5339,0.0461,0.4918,0.8923
00008798,1.1005,0.1384,1.1921,0.8923
00011177,0.8843,0.0681,0.9155,0.8923
00002787,0.7367,0.0575,0.7780,0.8923
00004421,1.0115,0.1533,1.1880,0.8923
00003680,1.6464,0.2055,1.7429,0.8923
00010113,0.2706,0.0285,0.2449,0.8923
00006032,1.7714,0.2055,1.8293,0.8923
00001929,0.4393,0.0371,0.4391,0.8923
00007925,0.4513,0.0391,0.4311,0.8923
00001525,0.4860,0.0364,0.5106,0.8923
00010878,0.4538,0.0678,0.4011,0.8923
00005647,1.4311,0.1529,1.5610,0.8923
00008260,0.5026,0.0358,0.5101,0.8923
00003194,0.3818,0.0318,0.3555,0.8923
00002146,0.4159,0.0359,0.4164,0.8923
00001765,1.1143,0.1050,1.1856,0.8923
00006025,0.5851,0.0454,0.6107,0.8923
00003394,0.2890,0.0296,0.2629,0.8923
00003932,0.5291,0.0414,0.5574,0.8923
00009904,0.2321,0.0374,0.1990,0.8923
00008168,0.7558,0.0556,0.7727,0.8923
00006666,0.2032,0.0317,0.1684,0.8923
00001871,0.4524,0.0352,0.4663,0.8923
00002562,1.0102,0.0843,1.1172,0.8923
00003406,0.9293,0.0747,0.8864,0.8923
00006623,0.5696,0.0420,0.5864,0.8923
00009281,0.6441,0.0431,0.6356,0.8923
00003496,0.7013,0.0675,0.7659,0.8923
00005497,0.5245,0.0372,0.5091,0.8923
00000349,1.4854,0.1979,1.5910,0.8923
00003821,1.5284,0.1598,1.7076,0.8923
00007221,0.6209,0.0416,0.6313,0.8923
00007291,0.7609,0.0642,0.8348,0.8923
00003421,0.6930,0.0556,0.6828,0.8923
00001401,2.0695,0.2577,2.2077,0.8923
00003387,0.2499,0.0284,0.2655,0.8923
00004051,0.6338,0.0441,0.6341,0.8923
00004211,0.2269,0.0270,0.2445,0.8923
00001312,0.4700,0.0350,0.4690,0.8923
00008102,0.7590,0.0558,0.7624,0.8923
00007703,0.4823,0.0390,0.4842,0.8923
00009558,0.5292,0.0634,0.5007,0.8923
00006570,1.1907,0.1485,0.7290,0.8923
00006039,0.3726,0.0395,0.4249,0.8923
00001390,1.1428,0.1186,1.4381,0.8923
00010758,0.5777,0.0463,0.6226,0.8923
00007103,0.6454,0.0470,0.6780,0.8923
00005815,0.8969,0.0758,0.8972,0.8923
00001963,0.6782,0.0509,0.7104,0.8923
00001469,0.5601,0.0661,0.5322,0.8923
00007654,0.3477,0.0283,0.3588,0.8923
00010587,1.8048,0.1999,1.7909,0.8923
00006448,1.1581,0.1081,1.2242,0.8923
00002327,0.4292,0.0397,0.4466,0.8923
00001208,0.3162,0.0336,0.3360,0.8923
00003460,0.9905,0.0887,0.9135,0.8923
00002121,2.4498,0.3069,2.3341,0.8923
00010783,0.6946,0.0550,0.7584,0.8923
00008848,0.2707,0.0327,0.3130,0.8923
00010778,0.3104,0.0282,0.3004,0.8923
00005914,0.7748,0.0606,0.8275,0.8923
00005451,0.4943,0.0428,0.4968,0.8923
00010809,1.0208,0.0928,1.0776,0.8923
00008936,0.7260,0.0858,0.7287,0.8923
00001330,0.6448,0.0790,0.6371,0.8923
00002362,1.3823,0.1404,1.5226,0.8923
00001659,0.8266,0.0703,0.8067,0.8923
00009061,0.6462,0.0559,0.6540,0.8923
00004077,0.9485,0.0947,0.8192,0.8923
00009929,1.2258,0.1157,1.3886,0.8923
00002055,0.7422,0.0526,0.6964,0.8923
00008433,1.0304,0.0942,0.9345,0.8923
00010997,2.4728,0.3279,2.2917,0.8923
00010838,0.6293,0.0541,0.6222,0.8923
00003989,0.4732,0.0362,0.4870,0.8923
00001291,1.1705,0.1144,1.1953,0.8923
00007198,0.6958,0.0482,0.7204,0.8923
00004419,0.4307,0.0337,0.4329,0.8923
00006977,0.9364,0.0810,0.9785,0.8923
00008326,1.0593,0.1217,0.9868,0.8923
00003488,1.0489,0.1311,1.2104,0.8923
00000205,0.4948,0.0543,0.4526,0.8923
00010370,0.2899,0.0604,0.2461,0.8923
00004337,1.6163,0.2314,1.6480,0.8923
00000938,0.4638,0.0365,0.4694,0.8923
00003708,1.0647,0.1105,0.9082,0.8923
00001096,1.2175,0.1250,1.1180,0.8923
00003647,0.6992,0.0544,0.6588,0.8923
00009097,1.1007,0.1357,1.1523,0.8923
00011170,2.3713,0.3585,1.7777,0.8923
00003018,0.2327,0.0544,0.1651,0.8923
00001857,0.8694,0.0771,0.9105,0.8923
00007582,0.6753,0.0577,0.6871,0.8923
00008387,0.3951,0.0312,0.3755,0.8923
00010323,1.1745,0.1547,1.2216,0.8923
00004523,1.0739,0.1179,1.0076,0.8923
00005686,0.5814,0.0515,0.5684,0.8923
00009483,0.9297,0.0795,0.9397,0.8923
00003448,0.4956,0.0449,0.4422,0.8923
00010162,0.8112,0.0674,0.8660,0.8923
00007744,0.7291,0.0518,0.7674,0.8923
00000478,0.3484,0.0333,0.3291,0.8923
00006669,0.5806,0.0607,0.5527,0.8923
00011110,0.3909,0.0303,0.3617,0.8923
00008537,0.5058,0.0381,0.5202,0.8923
00002058,0.4867,0.0731,0.1369,0.8923
00005263,1.4435,0.1592,1.4187,0.8923
00008548,2.5045,0.3218,2.6648,0.8923
00007620,0.5333,0.0435,0.5742,0.8923
00003415,0.5326,0.0450,0.5514,0.8923
00010903,0.7210,0.0594,0.7425,0.8923
00006582,0.3258,0.0278,0.3479,0.8923
00004939,1.2486,0.1346,1.2801,0.8923
00008257,0.7338,0.0619,0.7939,0.8923
00000845,0.2008,0.0259,0.1958,0.8923
00001845,1.4511,0.1545,1.1972,0.8923
00009069,1.1431,0.1331,1.2679,0.8923
00000033,0.7259,0.0822,0.7958,0.8923
00003676,2.6179,0.3513,3.2727,0.8923
00009665,0.4145,0.0397,0.4240,0.8923
00008122,0.6551,0.0837,0.7905,0.8923
00010849,2.1510,0.2728,1.9498,0.8923
00000596,0.4615,0.0356,0.4400,0.8923
00000895,0.5078,0.0404,0.4840,0.8923
00005117,0.2928,0.0286,0.3010,0.8923
00001827,1.8269,0.2922,1.8738,0.8923
00010628,0.3188,0.0354,0.3482,0.8923
00003239,0.3642,0.0322,0.3715,0.8923
00002909,0.1837,0.0336,0.1654,0.8923
00009156,0.4061,0.0345,0.4397,0.8923
00009610,1.2830,0.1269,1.2836,0.8923
00007791,0.2558,0.0456,0.1981,0.8923
00000042,0.6270,0.0614,0.6456,0.8923
00006470,0.8432,0.0843,0.7800,0.8923
00011027,0.5075,0.0389,0.4962,0.8923
00003812,0.5910,0.0465,0.6409,0.8923
00006962,0.3451,0.0271,0.3172,0.8923
00004357,0.6971,0.0590,0.7491,0.8923
00006886,1.3412,0.1544,1.2667,0.8923
00006849,0.3005,0.0283,0.3215,0.8923
00004400,2.1752,0.2887,2.5565,0.8923
00006141,0.6155,0.0439,0.6256,0.8923
00010684,1.7305,0.2046,1.8132,0.8923
00000923,0.5164,0.0414,0.5089,0.8923
00001950,0.4517,0.0364,0.4502,0.8923
00005370,0.4708,0.0329,0.4879,0.8923
00002223,0.6460,0.0512,0.6936,0.8923
00003423,1.8556,0.2649,1.6366,0.8923
00007636,0.4472,0.0335,0.3779,0.8923
00007844,0.3119,0.0307,0.3072,0.8923
00008706,0.9232,0.0816,0.9353,0.8923
00003429,1.2158,0.1382,1.2367,0.8923
00000864,1.0491,0.1156,1.0165,0.8923
00009690,0.7965,0.0663,0.7779,0.8923
00001453,0.6163,0.0555,0.5994,0.8923
00008668,0.3105,0.0265,0.3013,0.8923
00006400,0.5377,0.0421,0.5570,0.8923
00009199,0.4729,0.0394,0.4429,0.8923
00008938,0.5538,0.0392,0.5410,0.8923
00001957,1.8058,0.2013,1.7180,0.8923
00005302,0.5677,0.1060,0.5077,0.8923
00005448,1.0867,0.0946,1.0710,0.8923
00008531,1.7025,0.2097,1.6961,0.8923
00010581,0.2671,0.0291,0.3036,0.8923
00005332,0.9321,0.1152,0.9604,0.8923
00003203,0.5347,0.0407,0.5326,0.8923
00006538,1.1146,0.1494,0.9957,0.8923
00006370,0.3257,0.0295,0.3245,0.8923
00005824,0.4405,0.0500,0.4951,0.8923
00008305,0.7210,0.0510,0.6878,0.8923
00004389,1.1412,0.0963,1.1275,0.8923
00006625,0.5815,0.0529,0.5472,0.8923
00001487,0.4839,0.0467,0.4528,0.8923
00008635,1.9422,0.2285,2.2078,0.8923
00001394,0.6026,0.0456,0.6200,0.8923
00002896,0.9358,0.0771,0.9412,0.8923
00010792,0.6577,0.0505,0.6569,0.8923
00009702,1.2380,0.1190,1.2202,0.8923
00006474,0.3439,0.0504,0.3534,0.8923
00007166,0.5632,0.0426,0.5362,0.8923
00000325,0.8213,0.0771,0.8056,0.8923
00006928,1.3368,0.1355,1.3235,0.8923
00005666,0.3077,0.0318,0.3432,0.8923
00004193,0.5309,0.0388,0.5165,0.8923
00003837,0.5635,0.0398,0.5385,0.8923
00002099,0.3745,0.0334,0.3700,0.8923
00002559,0.9455,0.2456,0.8197,0.8923
00000720,0.4144,0.0321,0.3961,0.8923
00008884,0.7404,0.0521,0.7264,0.8923
00009432,0.6871,0.0591,0.7244,0.8923
00008446,0.9010,0.0654,0.8879,0.8923
00007606,0.6207,0.0594,0.6599,0.8923
00007240,0.2387,0.0535,0.1985,0.8923
00005105,0.5467,0.0481,0.5182,0.8923
00001046,0.5502,0.0433,0.5743,0.8923
00009566,1.1552,0.1379,1.0995,0.8923
00010497,1.4745,0.2012,1.5715,0.8923
00007770,0.3814,0.0326,0.3949,0.8923
00002907,0.8284,0.0734,0.8607,0.8923
00005235,0.7181,0.0527,0.7645,0.8923
00003422,0.8324,0.1253,0.7264,0.8923
00005683,0.2608,0.0286,0.2975,0.8923
00001030,2.7111,0.3374,2.7678,0.8923
00004113,0.5602,0.0502,0.5427,0.8923
00000832,1.7131,0.2033,1.9341,0.8923
00006966,0.8528,0.1158,0.9701,0.8923
00004384,0.5937,0.0605,0.6203,0.8923
00000268,0.4824,0.1454,3.0750,0.8923
00004090,0.6700,0.0469,0.7231,0.8923
00008966,0.5225,0.0482,0.5155,0.8923
00007356,1.1455,0.1380,0.9406,0.8923
00005924,0.7282,0.0649,0.7152,0.8923
00006953,0.6345,0.0723,0.5740,0.8923
00002266,1.2364,0.1439,1.0899,0.8923
00009742,0.5823,0.0489,0.6100,0.8923
00007419,0.5786,0.0565,0.6316,0.8923
00008190,0.3938,0.0293,0.3720,0.8923
00010518,0.4578,0.0366,0.4833,0.8923
00007044,1.1488,0.1128,1.2216,0.8923
00008682,2.2268,0.2683,2.5954,0.8923
00011113,0.8611,0.1183,0.8622,0.8923
00004630,0.5928,0.0426,0.5738,0.8923
00009103,2.0535,0.2469,2.2468,0.8923
00009994,2.1621,0.2601,2.1269,0.8923
00006621,1.7791,0.1983,1.8676,0.8923
00005541,1.0292,0.0844,1.0184,0.8923
00002315,2.0968,0.2380,2.1016,0.8923
00010109,0.5250,0.0446,0.4881,0.8923
00003525,0.6757,0.0521,0.7111,0.8923
00006170,0.7585,0.0570,0.7786,0.8923
00003897,1.8801,0.2540,1.8981,0.8923
00005284,1.2306,0.1215,1.3205,0.8923
00004277,0.6036,0.0429,0.6127,0.8923
00008491,0.2800,0.0315,0.2916,0.8923
00008077,1.1833,0.4490,1.6727,0.8923
00001641,0.8051,0.0785,0.8036,0.8923
00003476,1.1720,0.1082,1.2966,0.8923
00007788,0.4999,0.0371,0.4934,0.8923
00008219,1.0537,0.1071,1.1206,0.8923
00010067,1.9946,0.3279,2.1285,0.8923
00002625,0.3646,0.0302,0.3786,0.8923
00008803,0.4423,0.0351,0.4721,0.8923
00006510,1.0613,0.0978,1.0843,0.8923
00011114,0.5104,0.0414,0.4415,0.8923
00004481,0.8507,0.0870,0.8572,0.8923
00010089,0.8476,0.0658,0.8548,0.8923
00008069,0.1908,0.0300,0.1954,0.8923
00002579,0.4407,0.0412,0.4029,0.8923
00008310,0.8862,0.0736,0.9773,0.8923
00002656,0.4640,0.0359,0.4885,0.8923
00008201,0.8232,0.0623,0.7990,0.8923
00009678,0.7213,0.0625,0.8184,0.8923
00010212,0.6325,0.0437,0.6223,0.8923
00007389,0.3301,0.0373,0.3782,0.8923
00006348,0.5224,0.0423,0.5162,0.8923
00010007,0.9812,0.0836,1.0507,0.8923
00010271,2.0963,0.2510,2.0952,0.8923
00004559,0.8394,0.0693,0.8418,0.8923
00009632,0.5542,0.0424,0.5846,0.8923
00007393,1.9492,0.4778,2.5212,0.8923
00010415,0.2826,0.0304,0.2715,0.8923
00003998,2.0076,0.3676,2.1460,0.8923
00006193,1.3685,0.1607,1.3041,0.8923
00003190,0.2083,0.0251,0.2047,0.8923
00010967,0.3848,0.0314,0.4031,0.8923
00009077,0.8837,0.0760,0.8751,0.8923
00009539,1.4172,0.1714,1.3411,0.8923
00001449,0.5200,0.0438,0.5479,0.8923
00002005,1.2627,0.1359,1.3426,0.8923
00000362,0.5995,0.0437,0.5937,0.8923
00003498,0.5461,0.0410,0.5433,0.8923
00000871,2.8661,0.3805,2.7294,0.8923
00009907,0.4347,0.0346,0.4316,0.8923
00004106,0.7982,0.0587,0.8273,0.8923
00005722,2.5978,0.4110,3.1586,0.8923
00009015,0.5434,0.0489,0.5159,0.8923
00007669,0.7138,0.0835,0.6404,0.8923
00006196,0.4383,0.0357,0.3690,0.8923
00006263,0.3427,0.0305,0.3762,0.8923
00004783,0.4570,0.0339,0.4759,0.8923
00007107,0.4985,0.0414,0.5109,0.8923
00009002,2.3476,0.3243,2.2137,0.8923
00001097,0.3732,0.0358,0.3669,0.8923
00003285,1.1377,0.1135,1.1667,0.8923
00008781,0.4108,0.0585,0.3776,0.8923
00000048,1.7724,0.2125,1.8221,0.8923
00008532,0.9963,0.1112,0.9715,0.8923
00001284,0.3347,0.0302,0.3322,0.8923
00004410,0.9370,0.0920,0.8033,0.8923
00002466,0.2722,0.0288,0.2936,0.8923
00009239,0.5418,0.0449,0.6182,0.8923
00008754,0.3475,0.0293,0.3527,0.8923
00007840,0.4658,0.0524,0.5015,0.8923
00010127,0.4106,0.0330,0.4292,0.8923
00007038,0.3739,0.0293,0.3359,0.8923
00003305,0.3460,0.0293,0.3536,0.8923
00001507,2.4897,0.3441,2.3555,0.8923
00007667,0.9961,0.0832,1.0331,0.8923
00007587,0.5151,0.0436,0.5073,0.8923
00008866,0.6439,0.0517,0.6477,0.8923
00001826,1.5629,0.1661,1.4989,0.8923
00001743,0.9713,0.0769,1.0127,0.8923
00002310,0.5129,0.0441,0.5310,0.8923
00005336,0.2197,0.0258,0.2383,0.8923
00008535,1.2247,0.1559,0.8330,0.8923
00003265,0.9811,0.1108,0.9048,0.8923
00007750,0.5488,0.0440,0.5720,0.8923
00006045,1.1568,0.1058,1.2056,0.8923
00002000,0.7843,0.0800,0.6718,0.8923
00005524,0.8566,0.0678,0.9123,0.8923
00004488,2.1000,0.3139,1.9824,0.8923
00009751,1.7737,0.2912,1.6703,0.8923
00010673,0.3428,0.0331,0.3344,0.8923
00000186,0.4296,0.0335,0.4623,0.8923
00001939,0.6112,0.0604,0.5692,0.8923
00007429,0.7426,0.0548,0.7801,0.8923
00007354,0.7528,0.1062,0.7030,0.8923
00001538,0.3851,0.0368,0.3916,0.8923
00001392,0.4068,0.0325,0.4003,0.8923
00010987,0.5665,0.0442,0.6058,0.8923
00009533,0.2929,0.0317,0.2920,0.8923
00002871,0.4623,0.0346,0.4621,0.8923
00010296,0.8594,0.0752,0.8701,0.8923
00005757,0.7423,0.0598,0.7186,0.8923
00009950,0.8612,0.0900,0.9317,0.8923
00008416,0.3832,0.0291,0.3985,0.8923
00001717,0.2402,0.0494,0.2040,0.8923
00010118,0.2929,0.0427,0.3070,0.8923
00003237,0.6636,0.0736,0.7110,0.8923
00006681,0.7389,0.0642,0.6467,0.8923
00010954,0.3886,0.0339,0.3934,0.8923
00001524,0.4234,0.0475,0.3813,0.8923
00010660,0.4685,0.0531,0.4218,0.8923
00010091,0.4670,0.0411,0.4602,0.8923
00002147,0.3894,0.0385,0.3875,0.8923
00002228,0.4980,0.0569,0.4833,0.8923
00000162,0.4907,0.0446,0.4004,0.8923
00006870,0.9326,0.0854,0.8246,0.8923
00006129,1.4291,0.1634,1.4827,0.8923
00004948,1.0292,0.1237,1.1195,0.8923
00000436,1.0656,0.1057,1.2447,0.8923
00007875,0.9744,0.0846,1.0472,0.8923
00007328,1.7007,0.2462,1.4116,0.8923
00008269,0.7370,0.0543,0.7217,0.8923
00000149,1.4768,0.1456,1.5481,0.8923
00005894,0.9196,0.0704,0.8935,0.8923
00005136,0.6575,0.0515,0.6177,0.8923
00002593,0.8920,0.0889,1.0514,0.8923
00007349,1.3141,0.1245,1.3830,0.8923
00004984,0.4726,0.0593,0.4294,0.8923
00009706,1.2559,0.2265,0.4702,0.8923
00003108,1.2458,0.1237,1.2858,0.8923
00010754,0.5025,0.0370,0.4890,0.8923
00009302,0.2465,0.0272,0.2349,0.8923
00008161,0.8642,0.0968,0.8752,0.8923
00004902,0.4434,0.0351,0.4875,0.8923
00001170,1.1728,0.1102,1.1542,0.8923
00007179,1.2832,0.1258,1.2647,0.8923
00000015,0.7163,0.0612,0.7484,0.8923
00009037,1.0292,0.0844,1.0193,0.8923
00008290,0.2380,0.0319,0.2475,0.8923
00011117,0.5184,0.0460,0.5134,0.8923
00002551,2.5717,0.3328,2.7447,0.8923
00006927,0.4408,0.0338,0.4388,0.8923
00009207,0.7239,0.0552,0.7202,0.8923
00007204,0.3828,0.0308,0.3753,0.8923
00000741,1.9761,0.2417,2.1870,0.8923
00003651,2.6557,0.3313,3.0627,0.8923
00005995,0.7309,0.0593,0.7437,0.8923
00002981,1.1174,0.1030,1.0983,0.8923
00003060,0.2961,0.0321,0.2981,0.8923
00010892,0.6062,0.0446,0.6525,0.8923
00006346,1.7936,0.2479,1.8109,0.8923
00000139,0.5788,0.0460,0.6179,0.8923
00010367,0.5719,0.0416,0.5632,0.8923
00007668,0.5578,0.0490,0.5742,0.8923
00005083,0.5177,0.0394,0.5803,0.8923
00008498,0.2336,0.0268,0.2264,0.8923
00009911,0.8484,0.1022,0.8391,0.8923
00007878,0.3464,0.0294,0.3611,0.8923
00008353,0.6012,0.0493,0.5564,0.8923
00003658,0.9248,0.0730,0.8762,0.8923
00009522,0.7077,0.0548,0.4494,0.8923
00001613,0.5679,0.0485,0.5096,0.8923
00006920,0.5235,0.0393,0.5221,0.8923
00005876,0.4915,0.0469,0.4940,0.8923
00000188,0.4942,0.0344,0.5006,0.8923
00009452,0.3117,0.0387,0.2873,0.8923
00004883,0.5639,0.0436,0.5666,0.8923
00010825,0.3298,0.0307,0.3506,0.8923
00005434,1.8056,0.2068,1.8305,0.8923
00007110,0.4756,0.0434,0.4775,0.8923
00007943,0.7917,0.0632,0.8364,0.8923
00005383,0.4832,0.0378,0.4801,0.8923
00010445,0.3984,0.0361,0.4103,0.8923
00004731,0.5801,0.0634,0.5278,0.8923
00000178,1.1448,0.1003,1.2364,0.8923
00005567,0.5854,0.0408,0.5797,0.8923
00002941,0.9140,0.0783,0.8966,0.8923
00009380,0.3774,0.0547,0.3382,0.8923
00004335,0.3026,0.0319,0.2981,0.8923
00006429,2.1712,0.2687,2.2068,0.8923
00011147,1.1926,0.1314,1.1943,0.8923
00000952,0.3967,0.0333,0.4180,0.8923
00009054,1.7822,0.2044,1.7269,0.8923
00000241,0.6899,0.0525,0.6126,0.8923
00006963,0.4677,0.0343,0.4779,0.8923
00003803,0.9458,0.0775,0.8882,0.8923
00011149,0.4474,0.0405,0.4723,0.8923
00004418,0.5171,0.0457,0.5063,0.8923
00009741,0.3432,0.0312,0.3394,0.8923
00005682,0.4355,0.0364,0.4084,0.8923
00008136,0.5418,0.0577,0.5444,0.8923
00005674,0.4229,0.0319,0.3889,0.8923
00000805,0.7398,0.0717,0.8075,0.8923
00006096,0.9683,0.0885,1.1086,0.8923
00005416,0.2007,0.0261,0.2076,0.8923
00011051,1.5024,0.1600,1.4650,0.8923
00003382,0.6374,0.0546,0.5802,0.8923
00003451,0.3298,0.0353,0.3203,0.8923
00005943,0.7034,0.0536,0.7085,0.8923
00007160,0.6041,0.0525,0.6085,0.8923
00004928,0.4494,0.0463,0.3870,0.8923
00010751,1.6009,0.1798,1.6447,0.8923
00005085,0.2812,0.0348,0.2675,0.8923
00010496,1.0004,0.0886,1.1075,0.8923
00006209,0.4313,0.0333,0.4471,0.8923
00005000,0.6805,0.0583,0.5336,0.8923
00009058,0.9541,0.1554,0.8663,0.8923
00002068,0.8991,0.0898,0.9124,0.8923
00009925,0.2773,0.0404,0.2700,0.8923
00001067,0.3933,0.0309,0.2998,0.8923
00006115,0.8657,0.0820,0.8413,0.8923
00000751,0.9211,0.0837,0.8471,0.8923
00008332,0.8860,0.0773,0.8130,0.8923
00006227,0.2415,0.0290,0.2530,0.8923
00002826,0.6020,0.0521,0.6480,0.8923
00007563,0.5589,0.0415,0.5754,0.8923
00007300,0.7909,0.0853,0.9176,0.8923
00002639,0.7807,0.1044,0.7092,0.8923
00003246,0.4572,0.0349,0.4457,0.8923
00006206,0.7429,0.0729,0.8170,0.8923
00002481,1.2715,0.1282,1.1103,0.8923
00004876,0.5701,0.0391,0.5872,0.8923
00006906,0.4106,0.0326,0.3967,0.8923
00007032,0.3687,0.0350,0.3695,0.8923
00007552,0.5942,0.0455,0.5944,0.8923
00005077,0.5580,0.0510,0.5122,0.8923
00007275,0.3457,0.0303,0.3508,0.8923
00000350,0.6910,0.0513,0.7250,0.8923
00000991,0.7271,0.0596,0.7725,0.8923
00005199,1.4586,0.1577,1.3639,0.8923
00004512,0.2925,0.0272,0.3028,0.8923
00010302,0.2243,0.0319,0.1717,0.8923
00002955,0.9847,0.1078,0.9099,0.8923
00001076,0.6559,0.0585,0.6841,0.8923
00010993,0.6591,0.0529,0.6613,0.8923
00002365,0.5711,0.0555,0.5499,0.8923
00008116,1.2567,0.1250,1.1641,0.8923
00006729,0.2840,0.0378,0.3436,0.8923
00001402,0.1912,0.0281,0.1674,0.8923
00009562,1.2496,0.1242,1.2605,0.8923
00007359,0.2503,0.0262,0.2808,0.8923
00006702,0.8478,0.0702,0.8528,0.8923
00006671,0.2673,0.0279,0.2293,0.8923
00004586,0.5723,0.0404,0.5790,0.8923
00010124,0.8872,0.0831,0.9081,0.8923
00006759,0.5004,0.0431,0.4406,0.8923
00007489,0.8380,0.0762,0.9009,0.8923
00007573,1.1112,0.1149,1.0189,0.8923
00010025,0.9623,0.0791,1.0248,0.8923
00007536,0.7389,0.0569,0.7052,0.8923
00007762,0.2001,0.0308,0.1623,0.8923
00003968,0.5292,0.0414,0.5233,0.8923
00000883,0.7449,0.0595,0.7009,0.8923
00006159,0.7063,0.0682,0.8283,0.8923
00005465,0.8255,0.0625,0.8469,0.8923
00002604,0.3115,0.0351,0.2808,0.8923
00010048,0.5733,0.0473,0.5935,0.8923
00009174,0.2585,0.0275,0.2152,0.8923
00002392,0.9433,0.0974,0.9991,0.8923
00007773,2.2176,0.2856,2.3842,0.8923
00006941,1.6787,0.2103,1.7418,0.8923
00000400,1.3362,0.1423,1.3254,0.8923
00002012,1.5680,0.1681,1.6655,0.8923
00000343,0.3208,0.0291,0.3451,0.8923
00004412,0.2234,0.0267,0.2303,0.8923
00004006,0.3880,0.0312,0.3883,0.8923
00006696,1.9943,0.2358,1.6635,0.8923
00005985,0.4550,0.0356,0.4344,0.8923
00000856,0.8341,0.0781,0.9128,0.8923
00009242,0.3781,0.0341,0.3381,0.8923
00005775,0.5366,0.0417,0.5408,0.8923
00001812,0.7004,0.0521,0.7104,0.8923
00004903,1.7349,0.1911,1.7728,0.8923
00006156,0.8579,0.0770,0.8599,0.8923
00005064,1.2051,0.1610,1.3456,0.8923
00002328,0.4644,0.0355,0.5068,0.8923
00000249,0.7219,0.0603,0.7704,0.8923
00007929,0.7821,0.0889,0.8432,0.8923
00009091,0.3635,0.0410,0.3648,0.8923
00010868,0.6969,0.0501,0.7103,0.8923
00000083,0.6079,0.0546,0.5987,0.8923
00002799,0.2410,0.0257,0.2473,0.8923
00010521,0.3825,0.0329,0.3609,0.8923
00004398,0.5517,0.0406,0.4915,0.8923
00008139,0.5479,0.0518,0.5169,0.8923
00000729,1.3866,0.2173,1.4952,0.8923
00000322,0.7481,0.0539,0.7334,0.8923
00005832,0.4829,0.0396,0.4806,0.8923
00002847,0.7586,0.0685,0.8318,0.8923
00004326,0.8970,0.0855,0.8097,0.8923
00000459,0.3578,0.0312,0.3616,0.8923
00005322,0.4518,0.0363,0.4873,0.8923
00008634,0.4207,0.0374,0.4085,0.8923
00004792,0.9161,0.0844,0.8642,0.8923
00011043,0.6556,0.0582,0.6758,0.8923
00010840,0.3266,0.0311,0.3509,0.8923
00002247,0.7316,0.0560,0.7896,0.8923
00009555,0.4708,0.0361,0.4964,0.8923
00005226,1.2281,0.1192,1.1669,0.8923
00009018,0.3159,0.0338,0.3588,0.8923
00007902,1.5581,0.1914,1.6209,0.8923
00005132,0.6582,0.0502,0.7206,0.8923
00007995,0.4302,0.0321,0.4389,0.8923
00004255,0.9800,0.0946,0.9114,0.8923
00001684,0.5145,0.0424,0.5540,0.8923
00005177,0.5695,0.0416,0.5705,0.8923
00008203,0.6388,0.0674,0.6311,0.8923
00002440,0.5376,0.0380,0.5242,0.8923
00001554,0.6678,0.0466,0.6827,0.8923
