stamp_id,name,src_index,sigma_v,sigma_err,z_l,mag,re_arcsec,q,pa_deg,prom,flag_arcy,iso_a3,iso_b3,iso_a4,iso_b4,iso_m3,iso_m4,iso_harm12,iso_nann,iso_drift_px,iso_q,iso_pa_deg,flag_iso_bad,flag_pair
0,G4B_00004,0,284.0,23.0,0.375,18.113,1.297,0.888,-10.0,55.8,1,0.00241,0.00272,0.00015,0.00172,0.0057,0.0038,0.00273,10,0.08356,0.81752,-11.40899,0,0
1,G4B_00006,1,260.0,25.0,0.546,19.219,0.991,0.658,-62.9,199.1,1,0.00791,-0.0137,0.00621,0.00509,0.01925,0.01076,0.18488,10,1.52378,0.54792,-31.24284,0,1
2,G4B_00010,5,270.0,31.0,0.348,18.386,0.952,0.836,36.2,126.2,1,-0.00049,0.00262,-0.00744,-0.00081,0.00415,0.00829,0.00354,10,0.05116,0.76758,38.4147,0,0
3,G4B_00011,6,323.0,17.0,0.279,17.226,2.075,0.938,-36.5,49.6,1,0.00077,-0.0002,-0.00408,0.00468,0.00234,0.009,0.01155,10,0.77194,0.87763,-37.45368,0,0
4,G4B_00012,7,301.0,20.0,0.261,16.756,3.421,0.815,-2.8,34.7,1,-0.00782,-0.02903,-0.00894,0.0034,0.08642,0.03048,0.25702,10,5.58712,0.50596,15.8694,0,1
5,G4B_00013,8,297.0,16.0,0.247,17.535,1.472,0.975,-22.3,76.7,1,-0.00353,0.00061,-0.00254,0.00435,0.00511,0.00626,0.00067,10,0.43789,0.93658,-32.79033,0,0
6,G4B_00017,12,282.0,11.0,0.217,16.5,2.378,0.939,35.7,20.0,0,-0.00244,0.00224,-0.01399,-0.00426,0.00456,0.01542,0.01251,10,0.13969,0.8502,33.31607,0,0
7,G4B_00018,13,264.0,31.0,0.21,19.19,0.348,0.825,-7.9,1528.7,1,0.00112,-0.00365,0.01152,0.00135,0.00504,0.01178,0.00528,10,0.0816,0.72662,-9.97457,0,0
8,G4B_00019,14,255.0,14.0,0.222,17.089,1.519,0.923,-72.8,151.0,1,-0.00112,0.00116,-0.01049,-0.0017,0.00733,0.017,0.06466,10,1.23941,1.0,-44.9872,0,0
9,G4B_00020,15,272.0,41.0,0.506,19.189,0.861,0.991,81.9,11.0,0,0.0002,-0.00082,-0.0002,0.00203,0.00282,0.00414,0.00783,10,0.23671,0.99071,109.4729,0,0
10,G4B_00022,16,286.0,43.0,0.538,19.548,1.337,0.761,-85.5,175.1,1,0.00332,0.03642,-0.01239,-0.00084,0.05214,0.02565,0.17557,10,0.75359,0.63186,-81.15036,0,1
11,G4B_00023,17,252.0,31.0,0.326,17.84,1.239,0.813,-38.9,68.3,1,0.00159,-0.00047,-0.00417,0.0024,0.00194,0.00486,0.0068,10,0.34561,0.72542,-38.52045,0,0
12,G4B_00026,19,253.0,18.0,0.225,17.027,1.668,0.959,54.3,0.0,0,-0.00238,-0.00259,-0.00552,0.00317,0.00336,0.00618,0.00598,10,0.17005,0.92144,53.82032,0,0
13,G4B_00032,21,304.0,45.0,0.412,18.351,1.243,0.857,40.8,117.3,1,0.00218,-0.00169,-0.0038,-0.0078,0.00363,0.01078,0.00718,10,0.1197,0.74159,39.94056,0,0
14,G4B_00033,22,296.0,40.0,0.406,18.633,1.061,0.842,25.4,88.4,1,0.00039,8e-05,-0.00153,-0.00012,0.00324,0.00462,0.00382,10,0.07164,0.79421,18.77664,0,0
15,G4B_00039,26,284.0,21.0,0.33,17.442,3.077,0.99,-27.1,74.6,1,0.00371,-0.0043,0.02584,-0.01255,0.01942,0.03698,0.19052,10,2.75807,0.63295,-69.35819,0,1
16,G4B_00041,28,310.0,23.0,0.428,18.721,0.775,0.803,37.8,128.5,1,0.00038,-0.00019,-0.0002,0.00057,0.0031,0.0036,0.00216,10,0.25124,0.76403,35.13743,0,0
17,G4B_00042,29,282.0,36.0,0.541,19.301,0.884,0.829,58.4,99.3,1,-0.00955,-0.00375,0.00144,-0.0039,0.0154,0.00941,0.02174,10,0.56172,0.78515,57.63623,0,0
18,G4B_00045,31,284.0,20.0,0.329,17.935,1.132,0.794,-54.4,258.7,1,0.00077,-0.00322,-0.00288,-0.00266,0.0036,0.00664,0.0055,10,0.3151,0.72006,-51.77049,0,0
19,G4B_00047,33,301.0,13.0,0.214,16.667,2.158,0.865,66.3,65.1,1,0.0058,0.00753,-0.00325,0.00133,0.02567,0.00705,0.15109,10,2.00319,0.70476,66.58734,0,1
20,G4B_00050,35,323.0,40.0,0.496,18.786,0.936,0.825,20.4,162.7,1,-0.00259,-0.00184,-0.00061,-0.00097,0.00549,0.0067,0.04061,10,0.2576,0.72053,21.97459,0,0
21,G4B_00052,37,278.0,14.0,0.226,17.493,0.998,0.766,35.9,86.1,1,0.00125,0.0003,-0.00584,-0.00146,0.00197,0.00926,0.00768,10,0.24345,0.7746,28.72271,0,0
22,G4B_00054,38,251.0,26.0,0.349,18.476,1.061,0.72,-80.8,1889.0,1,-0.00488,-0.01239,-0.0064,-0.00728,0.01325,0.01468,0.01824,10,0.39022,0.64734,-97.76232,0,0
23,G4B_00057,41,324.0,50.0,0.356,18.31,0.892,0.881,-6.5,193.1,1,-0.00185,0.00022,0.00258,0.00487,0.00343,0.00533,0.00864,10,0.17422,0.81511,-17.01534,0,0
24,G4B_00059,43,334.0,13.0,0.235,17.401,1.02,0.838,-25.0,253.8,1,-0.00345,-0.00694,0.0016,-0.00186,0.00797,0.00272,0.01007,10,0.29554,0.69949,-18.92789,0,0
25,G4B_00061,45,262.0,43.0,0.457,19.247,0.98,0.915,87.0,66.3,1,0.00038,0.00174,0.00984,-0.00323,0.0034,0.01055,0.0034,10,0.73017,0.90773,101.14296,0,0
26,G4B_00062,46,314.0,54.0,0.524,19.158,2.075,0.662,-32.9,243.1,1,-0.24733,0.10352,0.11829,-0.00703,0.29139,0.28699,0.78635,10,2.9171,0.25957,-32.04958,0,1
27,G4B_00065,47,265.0,49.0,0.545,19.306,0.98,0.763,-4.1,180.0,1,0.02207,-0.00672,-0.01282,-0.00125,0.02906,0.02143,0.17245,10,2.10964,0.85538,-4.18889,0,1
28,G4B_00068,48,259.0,20.0,0.359,18.483,1.033,0.938,52.8,9.5,0,-0.00086,-0.00424,-0.00374,0.00417,0.00628,0.00659,0.00367,10,0.17433,0.96629,54.87789,0,0
29,G4B_00070,50,253.0,45.0,0.496,19.374,0.571,0.817,-58.7,577.4,1,0.004,0.00029,-0.00018,-0.00546,0.00556,0.0067,0.0036,10,0.09547,0.76195,-55.94814,0,0
30,G4B_00071,51,300.0,34.0,0.444,19.158,0.884,0.586,52.8,321.5,1,0.12225,-0.23664,0.14769,0.08752,0.30489,0.18749,2.10483,10,14.33347,0.25,73.32848,0,1
31,G4B_00075,53,254.0,25.0,0.466,18.675,1.377,0.903,-57.4,28.6,1,-0.00038,-0.01281,0.00917,0.00185,0.02076,0.02292,0.03517,10,1.56613,0.8988,-36.98842,0,0
32,G4B_00076,54,299.0,35.0,0.521,18.555,2.578,0.816,24.7,136.0,1,0.01947,0.01752,0.00373,0.01607,0.05108,0.02388,0.21247,10,1.38434,0.38597,42.02586,0,1
33,G4B_00080,55,285.0,22.0,0.318,18.098,1.11,0.785,-2.0,117.2,1,-0.00464,0.00283,0.00646,0.00537,0.00699,0.01024,0.01404,10,0.06666,0.71581,-11.15842,0,0
34,G4B_00081,56,341.0,29.0,0.443,18.199,1.127,0.869,-40.7,113.2,1,-0.00344,-0.00047,-0.00171,-0.00156,0.00358,0.0068,0.0047,10,0.33137,0.7885,-39.94311,0,0
35,G4B_00086,58,285.0,32.0,0.366,18.469,1.532,0.977,74.3,0.0,0,-0.00064,0.00711,0.00917,-0.00273,0.01714,0.01183,0.03137,10,0.65573,1.0,82.38195,0,0
36,G4B_00087,59,251.0,31.0,0.46,18.942,0.941,0.82,13.1,128.9,1,0.0027,0.00046,-0.00272,-0.00672,0.00417,0.00859,0.00478,10,0.11541,0.76332,20.11496,0,0
37,G4B_00094,60,285.0,18.0,0.277,17.258,1.716,0.898,-69.2,15.0,0,-0.00214,0.00182,-0.00403,-0.00515,0.00428,0.00877,0.01487,10,0.89541,0.86789,-55.96252,0,0
38,G4B_00097,61,259.0,19.0,0.278,17.61,1.186,0.96,69.7,87.1,1,0.00198,0.00084,-0.00431,0.0037,0.003,0.00649,0.00461,10,0.26991,0.92979,41.56498,0,0
39,G4B_00107,63,314.0,47.0,0.467,19.155,1.599,0.669,-0.7,64.6,1,-0.00809,-0.04228,-0.00096,0.00897,0.04449,0.02109,0.25128,10,1.67811,0.58106,18.51844,0,1
40,G4B_00108,64,308.0,29.0,0.449,17.813,1.806,0.795,-82.7,40.9,1,-0.00914,-0.00299,0.00533,0.00327,0.01198,0.02097,0.03176,10,0.23584,0.61642,-86.42582,0,0
41,G4B_00109,65,268.0,26.0,0.278,17.362,1.957,0.865,46.9,16.0,0,-0.00667,-0.005,-0.00783,-0.00719,0.01191,0.01103,0.04164,10,0.37228,0.77559,45.71314,0,0
42,G4B_00111,67,315.0,17.0,0.181,16.444,1.215,0.893,23.0,319.7,1,0.00029,-0.00031,0.00682,-0.00331,0.00171,0.00896,0.00405,10,0.0925,0.74437,20.85447,0,0
43,G4B_00113,69,252.0,22.0,0.284,17.678,1.277,0.83,-68.3,54.2,1,0.00225,-0.00062,-0.00084,0.00689,0.00696,0.00916,0.02445,10,2.10837,1.0,-113.73954,0,0
44,G4B_00114,70,322.0,22.0,0.282,16.993,2.205,0.913,28.4,7.4,0,-0.00105,-0.00082,0.0014,-0.00163,0.00455,0.00327,0.01398,10,0.14823,0.81729,27.76267,0,0
45,G4B_00116,72,292.0,22.0,0.296,17.829,1.091,0.86,-36.1,85.5,1,0.00231,0.0007,-0.01199,0.00238,0.00258,0.01334,0.00459,10,0.06045,0.78504,-34.94406,0,0
46,G4B_00117,73,267.0,42.0,0.509,19.147,0.729,0.978,76.1,447.6,1,0.00229,-0.00147,0.06591,0.01096,0.00577,0.06682,0.22614,10,0.29908,1.0,105.88302,0,1
47,G4B_00119,75,273.0,49.0,0.463,19.061,0.998,0.736,-66.0,138.2,1,-0.0026,0.01754,-0.00613,-0.01596,0.02151,0.01941,0.02536,10,0.44205,0.66638,-71.89639,0,0
48,G4B_00122,78,307.0,11.0,0.313,17.315,1.662,0.946,48.9,0.0,0,0.0034,-0.00073,-0.01025,0.00305,0.00416,0.01111,0.00241,10,0.23305,0.91481,50.78494,0,0
49,G4B_00124,80,295.0,16.0,0.245,17.145,1.353,0.934,-80.2,126.9,1,-0.00047,-0.00043,0.00583,-0.0059,0.00217,0.00927,0.00584,10,0.20507,0.85271,-81.99919,0,0
50,G4B_00125,81,256.0,20.0,0.319,17.982,1.116,0.816,48.3,156.1,1,0.00054,0.00047,-0.00228,-0.00068,0.00248,0.00617,0.00689,10,0.10789,0.66382,53.49747,0,0
51,G4B_00126,82,377.0,63.0,0.499,18.471,1.91,0.927,-5.3,70.7,1,0.00929,-0.00078,0.00588,0.00089,0.01052,0.01074,0.02144,10,2.82342,0.93782,-1.65698,0,0
52,G4B_00127,83,310.0,35.0,0.492,18.53,1.641,0.781,48.2,31.3,1,-0.00915,-0.01395,-0.01593,0.00854,0.01984,0.01831,0.05592,10,0.41608,0.64091,49.47543,0,0
53,G4B_00128,84,303.0,31.0,0.341,17.497,2.868,0.902,1.8,7.1,0,0.0825,0.02188,0.03151,0.02807,0.08533,0.04234,0.21548,10,0.66215,0.78823,-1.28745,0,1
54,G4B_00132,88,289.0,36.0,0.539,19.291,0.978,0.853,-76.5,79.8,1,-0.00018,-0.00324,0.00498,-0.01002,0.00688,0.01555,0.00917,10,0.37663,0.82874,-61.9718,0,0
55,G4B_00136,92,267.0,25.0,0.433,18.449,0.759,0.886,-39.7,2104.5,1,-0.01248,-0.01939,-0.04554,0.00467,0.04619,0.04852,0.05717,10,0.69468,0.78351,-26.51292,0,0
56,G4B_00137,93,362.0,13.0,0.228,16.478,1.816,0.967,57.2,73.2,1,0.00019,-0.0004,0.00182,0.00936,0.00233,0.01113,0.00379,10,0.22185,0.92353,70.68174,0,0
57,G4B_00138,94,260.0,10.0,0.124,15.778,2.337,0.919,76.7,4.3,0,-0.00134,-6e-05,0.00195,0.00257,0.00243,0.00393,0.00383,10,0.39597,0.81584,77.11496,0,0
58,G4B_00140,95,276.0,38.0,0.355,18.762,1.355,0.899,-5.2,47.2,1,0.00216,-0.00068,0.00592,0.00128,0.00666,0.01221,0.00967,10,0.36064,0.87128,-5.72344,0,0
59,G4B_00141,96,267.0,18.0,0.351,18.325,0.843,0.849,-47.4,239.9,1,0.00039,0.00257,0.00578,-0.00456,0.00614,0.00826,0.01279,10,0.16006,0.72797,-24.1689,0,0
60,G4B_00143,97,294.0,41.0,0.463,19.198,1.353,0.517,-20.0,387.2,1,0.00469,0.00151,0.02999,0.00623,0.01704,0.03577,0.05223,10,3.14606,0.31716,-19.14737,0,0
61,G4B_00145,99,283.0,15.0,0.191,17.324,1.361,0.562,-24.4,279.4,1,-0.07628,-0.02617,-0.01372,-0.00227,0.07967,0.04077,0.32994,10,4.51478,0.46244,-23.88805,0,1
62,G4B_00148,101,266.0,10.0,0.13,16.565,1.425,0.771,-89.8,123.0,1,0.00284,0.00089,0.00968,0.00206,0.00605,0.01256,0.03212,10,0.06134,0.59886,-91.35383,0,0
63,G4B_00152,103,303.0,9.0,0.119,16.274,1.028,0.666,27.2,164.1,1,0.00098,0.00065,0.00953,-0.00247,0.00156,0.00991,0.00625,10,0.11838,0.66422,27.53438,0,0
64,G4B_00153,104,264.0,18.0,0.292,17.609,1.386,0.917,37.0,301.2,1,0.02577,0.01396,-0.00373,-0.00218,0.03668,0.0065,0.02509,10,0.5742,0.8777,47.45677,0,0
65,G4B_00154,105,394.0,39.0,0.374,18.127,1.375,0.799,-63.6,144.1,1,-0.03578,0.01279,0.00985,-0.00524,0.03616,0.0214,0.08941,10,3.98906,0.71636,-68.85491,0,1
66,G4B_00156,107,347.0,69.0,0.517,19.688,0.686,0.788,-52.4,7992.8,1,-0.04411,0.00052,0.01406,0.00402,0.04739,0.02368,0.04334,10,0.72307,0.74347,-60.29054,0,0
67,G4B_00157,108,332.0,28.0,0.372,17.502,1.917,0.915,-82.5,32.3,1,0.00223,0.00324,-0.00191,0.00256,0.00549,0.00768,0.01103,10,0.15988,0.8381,-84.846,0,0
68,G4B_00158,109,332.0,27.0,0.31,17.933,1.249,0.707,37.6,173.7,1,0.00015,0.01053,-0.01826,0.00233,0.0131,0.01845,0.11716,10,1.9488,0.62793,53.40428,0,1
69,G4B_00159,110,331.0,37.0,0.359,17.93,2.091,0.962,49.3,37.5,1,0.00011,0.00681,-0.00302,-0.00246,0.00708,0.008,0.02743,10,1.83189,0.99709,37.55105,0,0
70,G4B_00160,111,329.0,35.0,0.345,18.177,1.275,0.894,-36.2,174.6,1,0.04848,0.01546,-0.01219,0.00381,0.05611,0.02643,0.03419,10,0.14357,0.73478,-47.26495,0,0
71,G4B_00161,112,327.0,35.0,0.352,18.632,0.906,0.858,-51.1,299.0,1,0.00073,0.01723,-0.00047,-0.00591,0.01743,0.01435,0.00438,10,0.08041,0.70579,-59.40069,0,0
72,G4B_00162,113,293.0,38.0,0.502,18.844,1.064,0.858,-50.3,59.2,1,-0.00233,0.00415,-0.00135,0.00138,0.00975,0.00584,0.0093,10,0.55927,0.86785,-63.53336,0,0
73,G4B_00163,114,289.0,23.0,0.305,18.054,1.399,0.756,28.5,276.9,1,0.04987,-0.04414,0.01099,-0.03529,0.06672,0.03908,0.28764,10,1.05655,0.49369,33.72725,0,1
74,G4B_00164,115,282.0,21.0,0.363,18.332,0.84,0.617,-74.7,455.4,1,0.00024,-0.0027,0.01761,0.00068,0.00307,0.01777,0.00542,10,0.10153,0.47405,-75.37916,0,0
75,G4B_00166,117,279.0,15.0,0.219,17.14,1.287,0.925,-83.1,170.5,1,0.00041,-0.00099,-0.00159,-0.00238,0.00177,0.00478,0.0038,10,0.11635,0.84405,-82.38827,0,0
76,G4B_00167,118,278.0,30.0,0.358,19.085,0.605,0.72,-5.3,235.2,1,-0.00309,-0.00062,0.0004,-0.00148,0.00587,0.00433,0.00837,10,0.18771,0.78652,14.69397,0,0
77,G4B_00169,120,275.0,20.0,0.349,17.993,1.31,0.844,-21.8,248.0,1,0.02302,-0.01237,0.00758,-0.00052,0.04735,0.00982,0.03841,10,2.27278,0.79931,-17.57099,0,0
78,G4B_00170,121,275.0,40.0,0.346,17.799,1.583,0.852,-30.7,26.8,1,-0.00052,-0.0024,0.00019,0.00571,0.00456,0.00675,0.00445,10,0.15829,0.81424,-32.04391,0,0
79,G4B_00171,122,272.0,26.0,0.347,18.172,0.884,0.801,65.9,172.2,1,0.00201,0.00147,-0.00101,0.0029,0.00392,0.00596,0.00205,10,0.0588,0.80163,67.91039,0,0
80,G4B_00172,123,271.0,26.0,0.349,17.483,1.52,0.865,47.9,42.9,1,0.00141,-0.01871,-0.0169,0.0004,0.02105,0.0193,0.05364,10,0.50951,0.75999,43.21372,0,0
81,G4B_00173,124,268.0,15.0,0.185,16.927,1.462,0.719,84.2,134.0,1,0.02001,-0.0046,-0.0435,0.02296,0.1119,0.05484,0.13557,10,2.27493,0.51502,75.83869,0,1
82,G4B_00174,125,266.0,26.0,0.345,17.8,1.48,0.872,74.0,49.6,1,-0.00053,0.00141,0.00158,0.00531,0.00322,0.00645,0.00539,10,0.14623,0.79995,79.79188,0,0
83,G4B_00175,126,266.0,11.0,0.166,16.526,1.622,0.923,-5.4,44.1,1,0.00093,0.00064,0.01223,0.00139,0.0019,0.01229,0.00909,10,0.26429,0.87829,-3.87478,0,0
84,G4B_00176,127,264.0,19.0,0.221,16.859,1.779,0.914,-49.5,0.0,0,-0.00088,-0.00121,-0.00659,0.00051,0.0038,0.00685,0.0035,10,0.19179,0.85484,-46.22263,0,0
85,G4B_00179,130,257.0,22.0,0.349,17.711,1.983,0.807,69.2,169.0,1,-0.11411,0.01979,0.01088,0.02917,0.12636,0.06666,0.26748,10,4.03166,0.62921,64.23075,0,1
86,G4B_00180,131,256.0,27.0,0.35,18.524,0.965,0.806,70.5,235.7,1,-0.0006,-0.00106,0.00295,0.00497,0.01588,0.00841,0.01021,10,0.37932,0.80767,78.51729,0,0
87,G4B_00181,132,255.0,31.0,0.438,18.455,1.741,0.74,52.2,84.9,1,-0.03838,-0.02681,-0.01586,-0.01018,0.06244,0.02668,0.15798,10,0.20804,0.63468,51.58662,0,1
88,G4B_00182,133,254.0,39.0,0.521,19.336,0.834,0.682,-80.9,158.5,1,0.00262,-0.00604,0.00568,0.00212,0.01183,0.00978,0.01743,10,2.10787,0.65375,-78.78846,0,0
89,G4B_00183,134,252.0,24.0,0.349,18.623,0.884,0.685,36.8,226.9,1,0.00101,0.0015,0.0017,-0.00187,0.00584,0.00566,0.01586,10,0.12084,0.60173,38.37675,0,0
90,G4B_00185,136,285.0,40.0,0.482,19.284,1.098,0.676,-41.2,712.2,1,-0.11315,0.00294,0.02316,-0.00218,0.11397,0.0685,0.40691,10,3.14481,0.45191,-42.38431,0,1
91,G4B_00187,137,274.0,30.0,0.423,18.327,1.325,0.842,-6.3,93.7,1,-0.00089,0.00618,0.00031,0.01021,0.00636,0.01358,0.00647,10,0.10607,0.68614,-9.06771,0,0
92,G4B_00191,138,311.0,13.0,0.352,17.38,1.636,0.971,9.4,85.0,1,0.00088,-0.0032,0.00361,0.002,0.00531,0.00758,0.0023,10,0.99035,0.92804,-10.921,0,0
93,G4B_00194,140,308.0,22.0,0.358,17.554,1.49,0.958,72.9,86.2,1,-0.00015,0.00109,0.00218,0.00846,0.00336,0.00977,0.0032,10,0.60992,0.90848,73.75077,0,0
94,G4B_00195,141,290.0,22.0,0.351,17.538,1.995,0.775,57.7,28.3,1,0.02045,-0.04246,0.00456,-0.02811,0.04761,0.03213,0.09561,10,0.17846,0.67244,61.09693,0,1
95,G4B_00208,145,251.0,24.0,0.283,18.219,0.887,0.971,33.7,68.4,1,-0.00178,-0.00293,-0.00127,-0.00489,0.00439,0.00508,0.00226,10,0.13163,0.95173,30.34523,0,0
96,G4B_00213,146,400.0,28.0,0.382,18.328,0.675,0.797,70.6,569.5,1,-0.00272,0.00337,0.00144,0.00079,0.00587,0.00567,0.00534,10,0.06698,0.65262,67.00178,0,0
97,G4B_00214,147,385.0,65.0,0.434,18.488,0.909,0.861,5.3,177.0,1,0.00065,-0.00079,0.00154,-0.00334,0.00438,0.0042,0.00129,10,0.03648,0.78627,7.30307,0,0
98,G4B_00217,150,367.0,32.0,0.321,17.412,2.086,0.875,3.2,65.8,1,-0.06537,-0.003,0.04617,-0.00246,0.06541,0.04757,0.09467,10,0.40628,0.72687,4.93162,0,1
99,G4B_00219,152,351.0,40.0,0.462,17.884,2.029,0.946,78.1,0.0,0,-0.00049,0.00065,-0.00672,0.00385,0.0056,0.0128,0.00653,10,1.15748,0.94647,79.57088,0,0
100,G4B_00220,153,347.0,39.0,0.384,17.599,1.768,0.945,-6.5,48.2,1,0.00419,0.00334,0.00674,-0.00493,0.00724,0.00984,0.00419,10,0.34663,0.82894,-23.43524,0,0
101,G4B_00222,155,337.0,59.0,0.416,18.261,1.375,0.914,-22.4,64.0,1,-0.00035,0.0001,-0.00553,0.00431,0.00383,0.0084,0.00641,10,0.22702,0.88231,-29.9647,0,0
102,G4B_00223,156,334.0,38.0,0.462,19.288,1.02,0.91,9.8,427.4,1,0.04357,0.00269,-0.01905,0.00422,0.04434,0.02216,0.04848,10,1.77729,0.70069,25.84215,0,0
103,G4B_00224,157,330.0,50.0,0.473,19.09,0.936,0.961,-67.4,59.8,1,-0.00365,-0.00326,0.00118,-0.01285,0.0096,0.01705,0.00798,10,0.27299,0.89725,-68.93153,0,0
104,G4B_00225,158,328.0,24.0,0.329,17.683,1.788,0.991,44.3,91.8,1,-0.0014,-0.00228,0.0019,0.00204,0.00477,0.00514,0.0311,10,0.61732,1.0,26.30736,0,0
105,G4B_00226,159,327.0,29.0,0.398,17.638,2.614,0.823,88.3,86.8,1,0.13442,0.28326,0.27551,0.25997,0.44341,0.53868,1.89924,10,5.79974,0.25,148.79599,0,1
106,G4B_00228,161,324.0,15.0,0.344,17.62,1.348,0.927,-12.2,67.1,1,0.00028,0.0015,0.00623,0.00666,0.00393,0.01011,0.00206,10,0.26296,0.91375,-10.4839,0,0
107,G4B_00229,162,310.0,11.0,0.322,16.717,1.69,0.966,-21.1,1047.5,1,0.0105,0.0168,0.00075,0.00656,0.02367,0.00812,0.01763,10,0.37305,0.86923,-5.35561,0,0
108,G4B_00230,163,308.0,32.0,0.464,18.485,1.075,0.942,-71.7,76.6,1,0.00199,0.00119,4e-05,-0.00413,0.0058,0.00683,0.00219,10,0.12661,0.92525,-82.142,0,0
109,G4B_00231,164,306.0,41.0,0.321,19.056,0.861,0.753,-52.5,40235.3,1,-0.00643,0.00525,-0.00614,0.00371,0.01422,0.0126,0.0682,10,1.60189,0.74686,-50.63279,0,0
110,G4B_00232,165,306.0,26.0,0.346,18.408,0.895,0.746,-86.1,434.3,1,0.00125,-0.00042,0.01711,0.00216,0.00327,0.01723,0.0071,10,0.1813,0.68849,-88.73705,0,0
111,G4B_00233,166,292.0,19.0,0.397,17.812,1.316,0.891,21.8,124.2,1,-0.0392,0.00979,0.01714,-0.00254,0.04045,0.01723,0.13688,10,1.52789,0.74951,11.52549,0,1
112,G4B_00234,167,285.0,21.0,0.334,17.484,1.694,0.801,-74.9,29.3,1,-0.02469,0.00739,0.01335,-0.01337,0.03491,0.02179,0.03239,10,0.72477,0.65908,-73.04994,0,0
113,G4B_00235,168,284.0,21.0,0.385,17.992,1.393,0.903,62.0,40.5,1,-0.0045,0.00506,0.00777,-0.00752,0.00645,0.01368,0.00579,10,0.16666,0.85842,82.56737,0,0
114,G4B_00236,169,283.0,27.0,0.33,17.612,1.591,0.832,-6.1,126.8,1,0.08445,0.01327,0.05132,0.00787,0.08802,0.05396,0.12666,10,1.23682,0.68028,-6.37988,0,1
115,G4B_00237,170,281.0,23.0,0.375,16.991,1.871,0.74,84.0,39.2,1,-0.00205,0.03524,0.01236,0.04431,0.03686,0.04778,0.11028,10,0.10668,0.56148,89.93063,0,1
116,G4B_00238,171,280.0,31.0,0.329,17.696,1.645,0.957,-65.3,0.0,0,-0.00212,0.00111,-0.00506,-0.00728,0.00321,0.00888,0.00545,10,0.45544,0.92112,-64.93753,0,0
117,G4B_00239,172,280.0,24.0,0.34,17.702,1.912,0.885,-24.3,18.6,0,0.00427,0.00577,0.00177,0.00903,0.00608,0.00925,0.01096,10,0.24706,0.84561,-23.25389,0,0
118,G4B_00240,173,279.0,28.0,0.318,17.31,3.178,0.897,-85.8,0.0,0,0.00199,0.00239,0.01562,-0.00866,0.00985,0.01976,0.02327,10,0.13494,0.74611,-87.02108,0,0
119,G4B_00241,174,277.0,34.0,0.455,18.756,1.123,0.685,11.8,645.0,1,0.13377,0.00509,0.60298,0.10191,0.16657,0.833,1.70305,10,9.04495,0.25,82.28642,0,1
120,G4B_00242,175,275.0,31.0,0.417,18.038,1.55,0.805,3.7,50.0,1,0.00262,0.00101,-0.00107,-0.00211,0.00571,0.00788,0.01317,10,0.2129,0.70054,4.074,0,0
121,G4B_00243,176,275.0,9.0,0.174,16.223,2.324,0.916,-52.4,50.5,1,-0.00458,-0.00405,0.00227,0.00127,0.01135,0.01457,0.0243,10,1.58302,0.87909,-92.83598,0,0
122,G4B_00244,177,272.0,19.0,0.324,17.714,1.532,0.932,-79.8,48.4,1,0.00278,0.00224,0.00058,0.0076,0.00646,0.00868,0.0208,10,0.48263,0.90236,-81.37804,0,0
123,G4B_00245,178,271.0,37.0,0.393,17.991,1.91,0.895,-43.8,48.2,1,0.00612,-0.00763,0.00364,-0.0004,0.01212,0.00993,0.02208,10,3.89935,0.90755,19.09509,0,0
124,G4B_00246,179,266.0,23.0,0.337,18.117,1.158,0.873,-70.9,355.9,1,0.12043,0.00036,0.03076,0.0147,0.13686,0.0875,0.19297,10,2.17944,0.6834,-35.05706,0,1
125,G4B_00247,180,263.0,25.0,0.299,17.492,3.893,0.915,-58.5,0.0,0,0.07188,0.01592,0.06334,-0.03372,0.10349,0.07526,0.38892,10,0.29868,0.67753,-58.06476,0,1
126,G4B_00249,182,259.0,22.0,0.327,17.615,1.425,0.872,11.9,128.8,1,0.00087,0.00201,0.00622,-0.00374,0.00279,0.00787,0.0035,10,1.14767,0.70788,8.93425,0,0
127,G4B_00250,183,258.0,15.0,0.333,17.847,1.686,0.878,63.3,0.0,0,0.00128,-0.00245,-0.00018,0.00339,0.00593,0.00558,0.00669,10,0.2532,0.85715,62.82716,0,0
128,G4B_00251,184,257.0,20.0,0.322,17.776,1.728,0.943,-85.1,44.5,1,0.01704,-0.01032,0.00467,0.00584,0.02047,0.01293,0.09094,10,0.76543,0.80388,-71.5698,0,1
129,G4B_00252,185,256.0,32.0,0.389,18.383,1.316,0.9,61.6,168.7,1,-0.00543,0.00279,-0.00659,0.00185,0.01007,0.00895,0.01336,10,0.23525,0.8291,64.15164,0,0
130,G4B_00253,186,255.0,38.0,0.455,19.361,0.909,0.548,-41.4,182.2,1,0.00136,0.00127,0.01049,-0.00256,0.0057,0.011,0.01052,10,0.31955,0.54189,-42.1991,0,0
131,G4B_00254,187,253.0,17.0,0.315,17.935,1.451,0.925,-65.2,51.3,1,0.00049,-0.00304,-0.00136,-0.00468,0.00403,0.00742,0.00331,10,0.10034,0.89739,-69.18562,0,0
132,G4B_00256,189,300.0,25.0,0.341,18.06,1.203,0.851,-89.8,103.7,1,-0.0034,0.00036,0.00204,-0.00175,0.00794,0.00472,0.00351,10,0.32295,0.76402,-90.64212,0,0
133,G4B_00257,190,258.0,19.0,0.515,18.621,0.991,0.86,-84.3,71.3,1,-0.00145,-0.00146,-0.00052,-0.00442,0.00489,0.00785,0.01467,10,0.5263,0.83963,-72.99652,0,0
134,G4B_00258,191,252.0,28.0,0.391,18.419,0.965,0.908,70.9,69.3,1,-0.00172,-0.00049,-0.00489,0.00214,0.00509,0.0078,0.00573,10,0.21735,0.88155,47.2689,0,0
135,G4B_00259,192,294.0,26.0,0.269,17.666,1.415,0.889,-46.2,52.5,1,-0.00027,0.00018,-0.00302,-0.00302,0.00904,0.0077,0.00462,10,0.20623,0.8691,-46.5468,0,0
136,G4B_00267,197,319.0,49.0,0.476,18.964,1.577,0.941,48.0,77.7,1,0.05879,-0.02008,0.01282,-0.00251,0.06161,0.02491,0.10232,10,2.40332,0.73609,73.57774,0,1
137,G4B_00270,200,315.0,22.0,0.372,18.254,1.018,0.78,-70.4,70.3,1,0.00078,-0.00069,-0.00372,-0.00267,0.00965,0.01089,0.11249,10,1.55022,0.82558,-57.62258,0,1
138,G4B_00271,201,415.0,55.0,0.442,18.309,0.975,0.91,1.8,298.1,1,-0.08794,0.02112,0.01752,-0.02178,0.09814,0.03834,0.1781,10,1.64049,0.69484,16.94922,0,1
139,G4B_00272,202,382.0,46.0,0.495,19.168,0.903,0.854,57.1,94.2,1,-0.00241,-0.00205,0.00064,0.00671,0.00807,0.00831,0.01928,10,0.38684,0.68463,49.40284,0,0
140,G4B_00274,204,363.0,64.0,0.537,19.162,1.221,0.885,59.1,73.4,1,-0.00792,0.00311,-0.0066,0.00482,0.01307,0.00973,0.01437,10,0.3936,0.77276,56.61266,0,0
141,G4B_00276,206,340.0,21.0,0.258,16.621,2.233,0.927,22.1,4.3,0,-0.00783,-0.00401,-0.00246,-0.00019,0.01722,0.01124,0.02468,10,0.21774,0.81686,21.39413,0,0
142,G4B_00278,208,318.0,43.0,0.498,18.361,2.026,0.826,-47.6,15.6,0,-0.00436,0.00898,-0.00953,0.00104,0.01158,0.01287,0.03052,10,0.0843,0.74346,-47.60205,0,0
143,G4B_00280,210,311.0,58.0,0.544,18.852,4.807,0.712,-9.0,2470.9,1,-0.01671,0.10596,0.07259,0.10399,0.28805,0.2258,0.79856,10,1.69212,0.25489,0.12469,0,1
144,G4B_00282,211,308.0,26.0,0.376,18.468,1.203,0.771,-60.4,118.0,1,-0.00495,0.00213,0.006,-0.00249,0.01004,0.01556,0.01789,10,1.21994,0.64933,-54.55322,0,0
145,G4B_00283,212,307.0,32.0,0.513,18.137,2.278,0.896,-75.8,42.4,1,-0.04682,-0.01296,0.01601,-0.00262,0.05148,0.01979,0.03907,10,1.00504,0.79146,-81.65065,0,0
146,G4B_00284,213,307.0,29.0,0.291,17.437,1.814,0.974,-79.1,14.2,0,-0.00391,-0.00382,-0.00496,-0.00379,0.00852,0.01262,0.01344,10,4.10411,0.94254,-65.16568,0,1
147,G4B_00285,214,306.0,36.0,0.511,18.834,1.734,0.851,-39.7,132.5,1,-0.06859,-0.00168,-0.02121,-0.02998,0.10504,0.07294,0.22862,10,4.78977,0.70772,-100.87603,0,1
148,G4B_00287,216,305.0,29.0,0.381,17.484,1.933,0.661,-88.1,1128.5,1,0.02885,-0.17383,0.39267,0.11072,0.23581,0.45739,1.23975,4,2.45786,0.25,-13.89681,1,1
149,G4B_00288,217,305.0,26.0,0.384,18.486,0.906,0.906,79.7,145.3,1,0.001,0.00026,-0.00484,-0.00046,0.00682,0.01008,0.00309,10,0.35389,0.83342,78.50471,0,0
150,G4B_00289,218,304.0,29.0,0.406,18.331,1.648,0.786,-41.6,70.7,1,-0.01904,0.01647,0.01373,-0.00803,0.02975,0.01721,0.112,10,0.40386,0.79258,-36.18138,0,1
151,G4B_00294,223,289.0,25.0,0.459,18.457,1.386,0.886,-23.3,60.3,1,-0.00104,0.0013,-0.00104,0.00792,0.00734,0.01241,0.01766,10,0.52826,0.81893,-28.62095,0,0
152,G4B_00295,224,288.0,49.0,0.473,19.37,0.785,0.924,-2.4,137.7,1,-0.00076,0.00296,0.009,0.00222,0.00677,0.00912,0.00404,10,0.10175,0.83211,6.48542,0,0
153,G4B_00296,225,287.0,20.0,0.461,18.457,1.327,0.883,41.2,49.2,1,0.00293,-0.00357,-0.01051,-0.00213,0.00583,0.01387,0.00663,10,0.45645,0.78571,42.51795,0,0
154,G4B_00297,226,287.0,41.0,0.452,19.029,1.064,0.734,28.2,308.6,1,0.01942,0.01169,0.0039,-0.01551,0.037,0.02403,0.0998,10,1.51472,0.47956,14.27424,0,1
155,G4B_00298,227,284.0,32.0,0.418,19.416,0.535,0.695,-65.5,818.0,1,-0.00016,-0.00068,0.01421,-0.00123,0.00389,0.01437,0.00864,10,0.25545,0.62357,-66.30223,0,0
156,G4B_00299,228,283.0,25.0,0.411,18.301,1.599,0.969,-43.9,52.4,1,0.00623,-0.00223,-0.01203,-0.00405,0.00913,0.01517,0.00842,10,1.31059,0.91962,-31.72507,0,0
157,G4B_00300,229,281.0,33.0,0.368,18.272,1.63,0.875,-21.3,97.7,1,0.02132,-0.01343,0.02411,-0.00801,0.03123,0.02844,0.04689,10,2.02751,0.84539,-7.14736,0,0
158,G4B_00301,230,281.0,34.0,0.531,18.858,2.029,0.855,64.3,12.6,0,0.02199,0.0296,0.00723,-0.02425,0.04386,0.03159,0.06089,10,0.83472,0.7543,77.87615,0,0
159,G4B_00302,231,280.0,27.0,0.455,18.795,1.215,0.884,-63.2,78.3,1,-0.00305,-0.0003,-0.00127,-0.0078,0.01012,0.01173,0.0079,10,0.93686,0.77484,-73.01722,0,0
160,G4B_00303,232,279.0,16.0,0.237,17.324,1.158,0.97,80.2,242.9,1,-0.00013,0.00038,0.00546,0.00034,0.00244,0.00891,0.00187,10,0.15156,0.89636,75.10454,0,0
161,G4B_00304,233,277.0,21.0,0.389,18.092,1.275,0.903,53.0,126.1,1,0.00205,-0.0027,0.00123,0.00754,0.0069,0.00829,0.00623,10,0.17968,0.85483,67.39542,0,0
162,G4B_00305,234,275.0,26.0,0.383,18.203,1.53,0.914,-37.9,45.3,1,-1e-05,0.00063,0.00218,0.0007,0.00353,0.00658,0.00886,10,0.34306,0.83758,-42.42781,0,0
163,G4B_00306,235,269.0,14.0,0.244,17.655,0.952,0.746,-8.9,227.4,1,-0.00343,0.00132,0.00945,-0.00123,0.00411,0.01022,0.00305,10,0.08013,0.70915,-5.58886,0,0
164,G4B_00307,236,269.0,30.0,0.524,18.99,0.892,0.925,57.5,408.4,1,-0.00119,-0.0033,-0.00078,0.00407,0.01341,0.01733,0.00995,10,0.15376,0.90788,30.12736,0,0
165,G4B_00308,237,267.0,24.0,0.372,18.357,0.933,0.881,54.4,87.2,1,-0.00406,0.00289,-0.00287,-0.00144,0.0068,0.00546,0.00728,10,0.36013,0.84403,48.12629,0,0
166,G4B_00309,238,267.0,41.0,0.523,18.823,1.269,0.839,84.6,75.0,1,0.00733,0.00221,0.02251,0.00506,0.01315,0.02276,0.03671,10,0.39905,0.747,81.31578,0,0
167,G4B_00311,240,263.0,37.0,0.443,18.312,2.136,0.866,-79.5,46.0,1,0.00472,0.00283,-0.01781,-0.00752,0.03003,0.03445,0.09698,10,0.52847,0.77447,-68.17142,0,1
168,G4B_00312,241,262.0,50.0,0.463,18.061,1.846,0.831,-29.1,27.8,1,-0.01833,0.00173,0.00303,0.00138,0.01848,0.01893,0.02894,10,0.13365,0.74692,-33.5422,0,0
169,G4B_00313,242,260.0,29.0,0.509,18.609,1.675,0.852,73.0,62.3,1,-0.00203,0.02079,-0.00026,-0.00317,0.02572,0.01357,0.15432,10,0.47037,0.78432,95.74957,0,1
170,G4B_00315,244,258.0,23.0,0.427,19.132,0.66,0.909,-67.5,85.2,1,-0.00291,-0.00168,0.00282,-0.00194,0.00436,0.00477,0.0011,10,0.31929,0.94454,-85.45135,0,0
171,G4B_00316,245,257.0,36.0,0.499,18.859,3.03,0.892,64.9,110.4,1,0.00939,-0.0106,0.0177,0.00516,0.02449,0.03929,0.162,10,1.51506,0.73197,72.37486,0,1
172,G4B_00317,246,257.0,23.0,0.408,18.594,0.84,0.872,72.3,205.5,1,-0.00078,0.00066,0.00088,0.00487,0.00556,0.00754,0.00496,10,0.12973,0.75027,63.12373,0,0
173,G4B_00318,247,256.0,41.0,0.484,19.439,0.983,0.762,-54.2,93.1,1,0.00365,-0.00289,0.00494,-0.00179,0.009,0.00682,0.02754,10,0.102,0.68229,-65.96515,0,0
174,G4B_00319,248,255.0,27.0,0.263,17.067,2.578,0.889,-88.8,7.3,0,-0.00066,-0.00055,0.0073,-0.0032,0.01263,0.01453,0.01273,10,0.12585,0.69648,-85.2264,0,0
175,G4B_00321,250,253.0,30.0,0.372,17.709,1.875,0.822,79.4,16.6,0,0.00286,-0.00065,-0.0018,-0.00036,0.00803,0.00654,0.00608,10,0.09417,0.69661,78.75433,0,0
176,G4B_00323,252,252.0,38.0,0.493,19.187,1.035,0.987,-23.0,96.8,1,-0.00901,0.00208,-0.00218,-0.00411,0.0097,0.00736,0.00738,10,1.40276,0.83025,-14.3899,0,0
177,G4B_00324,253,251.0,29.0,0.434,18.167,2.225,0.79,42.2,136.6,1,0.10141,0.01039,0.10057,-0.01216,0.23778,0.14695,0.31311,10,5.75425,0.66268,5.34206,0,1
178,G4B_00325,254,251.0,35.0,0.523,19.159,1.082,0.9,-43.6,55.8,1,0.00825,-0.00328,0.00814,0.00128,0.01244,0.01076,0.01775,10,0.22576,0.82459,-48.69469,0,0
179,G4B_00329,257,260.0,28.0,0.408,18.379,1.11,0.961,-89.4,104.9,1,0.00136,0.00064,0.00058,-0.00506,0.00626,0.0058,0.00195,10,0.99379,0.90848,-70.70741,0,0
180,G4B_00336,261,315.0,50.0,0.45,19.138,0.785,0.805,-0.8,205.6,1,0.00228,8e-05,0.01259,0.00211,0.01029,0.02068,0.0325,10,0.26082,0.70046,15.80093,0,0
181,G4B_00339,263,256.0,13.0,0.099,15.967,1.408,0.97,77.7,189.0,1,-0.00108,0.0005,0.00327,0.00372,0.00176,0.00495,0.00217,10,0.06642,0.94369,76.42646,0,0
182,G4B_00340,264,273.0,40.0,0.542,18.973,1.443,0.792,54.7,92.3,1,0.0516,0.03648,-0.03292,0.02877,0.065,0.05148,0.08055,10,1.15298,0.67142,55.74354,0,1
183,G4B_00341,265,262.0,18.0,0.474,18.76,0.84,0.902,-43.8,135.7,1,0.00326,0.00065,-0.00835,-0.0092,0.00579,0.01686,0.00973,10,0.70891,0.75943,-36.58293,0,0
184,G4B_00344,267,255.0,39.0,0.533,19.333,1.13,0.86,76.4,216.0,1,0.00386,0.00068,-0.00267,0.00134,0.0072,0.01167,0.04584,10,0.54142,0.64858,73.46084,0,0
185,G4B_00347,269,270.0,32.0,0.438,19.258,0.887,0.942,-63.7,37.2,1,0.00021,0.00462,0.00457,-0.00713,0.02332,0.01067,0.00696,10,0.51792,0.905,-57.40319,0,0
186,G4B_00354,273,444.0,50.0,0.428,18.214,0.983,0.802,-73.1,248.0,1,-0.00321,0.00022,0.00484,0.00043,0.00431,0.01023,0.0055,10,0.07991,0.59366,-76.99757,0,0
187,G4B_00356,275,260.0,15.0,0.295,17.795,0.855,0.884,-71.1,564.9,1,-0.00333,-4e-05,0.02474,-0.00391,0.00396,0.02627,0.00571,10,0.07775,0.68411,-76.2603,0,0
188,G4B_00357,276,259.0,10.0,0.205,17.241,1.089,0.741,-54.7,62.8,1,0.00127,0.00204,-0.00458,-0.00679,0.0035,0.00989,0.00413,10,0.14954,0.75278,-53.58819,0,0
189,G4B_00358,277,254.0,25.0,0.454,18.401,1.231,0.93,53.4,83.8,1,-0.00331,0.01122,-0.00312,0.00265,0.0117,0.01347,0.01051,10,0.28247,0.83867,46.33322,0,0
190,G4B_00359,278,269.0,24.0,0.485,18.972,0.892,0.922,-47.3,70.4,1,-0.00479,-0.00306,-0.00196,-0.00018,0.00916,0.00602,0.00443,10,0.1795,0.86083,-48.15754,0,0
191,G4B_00362,280,253.0,35.0,0.419,18.4,1.593,0.723,-54.7,94.9,1,0.00464,-0.00119,-0.02201,-0.00364,0.01174,0.02325,0.09926,10,2.93419,0.54997,-54.62431,0,1
192,G4B_00364,281,263.0,19.0,0.349,18.28,0.978,0.806,15.3,125.0,1,-0.00258,0.03301,0.05045,0.00504,0.03318,0.05084,0.15529,10,0.71601,0.57526,20.67277,0,1
193,G4B_00365,282,278.0,26.0,0.521,18.885,1.04,0.96,5.9,686.1,1,-0.01405,-0.00146,0.00281,0.0047,0.01982,0.01194,0.01553,10,0.28966,0.89845,-9.06307,0,0
194,G4B_00366,283,269.0,20.0,0.233,17.841,1.177,0.821,-42.9,140.0,1,0.00384,9e-05,0.00357,0.0005,0.00611,0.00755,0.01533,10,0.73252,0.70705,-40.87161,0,0
195,G4B_00368,285,335.0,22.0,0.274,17.223,1.755,0.815,-3.9,99.5,1,-0.00158,-0.00252,0.00697,0.00344,0.00453,0.01174,0.02696,10,0.41962,0.67632,-3.38743,0,0
196,G4B_00393,287,267.0,41.0,0.483,19.16,0.965,0.854,-87.5,82.1,1,0.00157,-0.00897,0.00756,-0.00026,0.01065,0.01091,0.00971,10,0.47776,0.77441,-83.38176,0,0
197,G4B_00394,288,254.0,35.0,0.484,19.393,1.269,0.961,-42.4,54.3,1,-0.01852,0.00447,-0.00338,-0.01668,0.02753,0.01876,0.03874,10,0.58396,0.94443,-41.80919,0,0
198,G4B_00397,291,325.0,30.0,0.38,18.043,1.625,0.863,-38.4,27.5,1,-0.00526,0.00608,-0.00135,0.00144,0.01468,0.01266,0.01355,10,0.62838,0.79034,-31.23529,0,0
199,G4B_00398,292,291.0,36.0,0.481,18.96,1.147,0.833,77.8,71.7,1,-0.01417,-0.04489,0.0107,0.02218,0.05201,0.02427,0.08275,10,0.60922,0.6698,77.9454,0,1
200,G4B_00404,296,268.0,31.0,0.393,17.857,1.436,0.927,7.3,90.9,1,-0.00321,0.00794,0.00752,-0.00808,0.01073,0.01205,0.02467,10,0.5009,0.85101,14.40958,0,0
201,G4B_00406,298,257.0,16.0,0.278,17.902,1.064,0.986,14.2,148.5,1,0.00206,0.00195,-0.00488,-0.00118,0.00551,0.00695,0.00701,10,0.31322,0.83589,-12.26565,0,0
202,G4B_00415,301,255.0,30.0,0.475,19.12,0.675,0.939,59.2,422.4,1,0.00535,-0.01235,0.03434,-0.01371,0.01897,0.04419,0.08811,10,0.23628,0.78582,29.02407,0,1
203,G4B_00416,302,321.0,56.0,0.519,18.688,1.487,0.84,36.1,67.1,1,0.0264,-0.07498,0.00525,-0.01319,0.08588,0.02237,0.06636,7,1.94928,0.68446,20.09251,0,0
204,G4B_00417,303,399.0,21.0,0.316,17.256,1.91,0.864,-42.1,41.4,1,0.00469,-0.00294,-0.00085,-0.00034,0.01495,0.00705,0.05123,10,0.09391,0.72847,-43.41441,0,0
205,G4B_00424,309,297.0,18.0,0.242,17.085,1.239,0.871,-71.4,128.9,1,-0.0001,-0.00244,-0.00019,-0.00319,0.00579,0.0045,0.00984,10,0.08953,0.73073,-76.62548,0,0
206,G4B_00428,313,285.0,26.0,0.461,18.508,1.325,0.918,61.0,650.3,1,-0.02602,0.01239,0.182,0.13194,0.0728,0.23367,0.5618,10,6.22925,0.34053,91.51651,0,1
207,G4B_00429,314,285.0,12.0,0.225,16.948,1.455,0.915,-48.6,87.1,1,0.00049,0.0001,-0.00711,0.00327,0.00443,0.01058,0.0064,10,0.21303,0.82069,-50.49992,0,0
208,G4B_00433,318,273.0,13.0,0.198,17.423,1.049,0.714,-73.9,83.6,1,-0.0011,-0.00139,0.01215,0.01024,0.0079,0.02318,0.011,10,0.60444,0.84266,-73.89904,0,0
209,G4B_00434,319,272.0,23.0,0.189,17.441,1.344,0.841,86.4,141.0,1,-0.00468,0.00106,0.01055,0.00017,0.00793,0.0106,0.00485,10,0.14717,0.61826,88.98933,0,0
210,G4B_00437,322,259.0,17.0,0.248,17.191,1.43,0.889,85.4,195.3,1,-0.00825,-0.00201,-0.0086,-0.00169,0.00832,0.0098,0.01623,10,0.62318,0.77872,85.18386,0,0
211,G4B_00440,325,253.0,38.0,0.427,18.72,0.917,0.964,-59.2,3791.3,1,-0.00051,-0.00782,0.00053,-0.00289,0.01142,0.00898,0.02832,10,0.87268,0.72877,-55.2297,0,0
212,G4B_00464,330,285.0,63.0,0.543,19.495,1.215,0.857,-36.9,137.6,1,0.00192,0.00138,-0.00181,-0.00426,0.01032,0.01006,0.02188,10,0.51746,0.80537,-54.06638,0,0
213,G4B_00465,331,260.0,56.0,0.505,19.674,0.928,0.678,-41.4,247.0,1,-0.00804,0.00139,-0.01516,-0.00947,0.00987,0.0197,0.07279,10,0.25157,0.70527,-40.18525,0,0
214,G4B_00467,333,273.0,89.0,0.422,19.711,1.249,0.666,-46.2,956.2,1,0.00823,0.04803,0.00834,0.01296,0.05143,0.01833,0.22003,10,0.18977,0.34096,-44.16077,0,1
215,G4B_00468,334,275.0,65.0,0.431,18.217,1.755,0.962,-82.5,46.1,1,-0.00622,-0.00373,0.01143,0.00377,0.01416,0.01272,0.02388,10,0.41404,0.86032,-97.18632,0,0
216,G4B_00473,338,320.0,66.0,0.386,18.254,1.556,0.826,11.4,266.3,1,-0.13023,-0.01311,-0.02031,-0.01519,0.13065,0.04437,0.26857,10,2.18604,0.49864,10.18593,0,1
217,G4B_00477,340,258.0,57.0,0.418,19.213,0.785,0.792,-85.0,332.0,1,-0.00592,-0.00574,0.01269,-0.0069,0.01108,0.01434,0.00707,10,0.27436,0.64049,-84.48782,0,0
218,G4B_00478,341,270.0,68.0,0.484,19.563,0.822,0.797,87.2,93.7,1,0.00535,0.00332,0.00111,0.00247,0.00769,0.00583,0.00594,10,0.09566,0.74847,86.11411,0,0
219,G4B_00482,344,269.0,61.0,0.491,19.092,1.078,0.929,-59.7,121.3,1,0.00137,0.00329,0.00042,0.00601,0.00849,0.00797,0.0135,10,0.28558,0.86396,-40.67502,0,0
220,G4B_00484,346,323.0,66.0,0.429,19.408,0.849,0.939,6.6,116.6,1,-0.00222,-0.00161,0.00823,-0.00064,0.0137,0.01047,0.0148,10,0.78632,0.83292,-6.90399,0,0
221,G4B_00486,348,268.0,65.0,0.55,19.287,1.158,0.972,-43.2,30.7,1,-0.00252,0.00266,-0.00339,-0.00203,0.00573,0.00983,0.01023,10,0.69212,1.0,-48.6938,0,0
222,G4B_00490,349,268.0,76.0,0.383,19.443,1.803,0.695,-62.8,81.9,1,-0.00284,0.01048,-0.03205,-0.00919,0.01758,0.03743,0.031,10,0.34112,0.50313,-63.53427,0,0
223,G4B_00491,350,317.0,65.0,0.525,18.999,1.58,0.617,9.9,621.4,1,0.01433,-0.00375,0.01054,-0.00526,0.02226,0.02979,0.03548,10,0.08422,0.47941,13.73412,0,0
224,G4B_00492,351,396.0,80.0,0.523,18.884,1.577,0.877,-6.3,323.2,1,0.02534,-0.00849,0.01833,0.00757,0.03734,0.02522,0.03783,10,0.9801,1.0,-11.82605,0,0
225,G4B_00493,352,370.0,80.0,0.497,19.527,1.028,0.849,22.4,342.3,1,-0.01798,-0.04401,-0.01783,-0.00073,0.07793,0.0179,0.08709,10,2.38753,0.56553,17.65003,0,1
226,G4B_00494,353,365.0,94.0,0.515,19.249,1.796,0.81,-84.6,214.1,1,-0.02404,0.0145,0.25804,0.06638,0.06291,0.34408,0.59884,10,2.08251,0.3812,-86.78396,0,1
227,G4B_00495,354,349.0,95.0,0.515,19.566,1.399,0.581,-49.3,286.0,1,-0.02719,0.00528,0.01419,-0.01482,0.03181,0.02928,0.03823,10,0.36026,0.41775,-48.78517,0,0
228,G4B_00497,356,295.0,62.0,0.449,18.737,2.002,0.741,-16.0,63.4,1,-0.00307,0.00743,0.00329,0.00889,0.0248,0.02198,0.11005,10,3.9524,0.68602,-21.06925,0,1
229,G4B_00499,358,283.0,78.0,0.512,18.133,3.648,0.863,-63.8,222.7,1,0.09502,0.00036,0.01768,-0.0368,0.13345,0.03732,0.20726,10,4.20368,0.53327,-65.07403,0,1
230,G4B_00500,359,278.0,61.0,0.457,19.359,1.267,0.608,-54.3,150.7,1,0.02054,-0.04335,-0.00194,0.00622,0.06911,0.02299,0.10019,10,1.1765,0.60236,-52.87085,0,1
231,G4B_00501,360,277.0,57.0,0.527,19.419,1.132,0.926,48.3,63.0,1,-0.003,-0.00935,6e-05,0.00044,0.01608,0.00977,0.02518,10,0.38734,0.82873,48.64813,0,0
232,G4B_00502,361,276.0,88.0,0.505,19.37,0.816,0.784,-36.0,154.5,1,0.00159,0.00656,-0.00918,-0.00303,0.00875,0.01239,0.00626,10,0.22558,0.69363,-29.65814,0,0
233,G4B_00503,362,259.0,54.0,0.49,18.111,2.878,0.871,-81.3,39.2,1,-0.08018,0.01549,0.05154,-0.09815,0.09673,0.18517,0.42761,10,7.08286,0.25,-138.65885,0,1
234,G4B_00505,363,254.0,71.0,0.541,19.141,2.215,0.721,29.1,209.3,1,0.13251,-0.06849,0.07866,0.02671,0.15855,0.10716,0.75226,10,6.96925,0.25,80.44056,0,1
235,G4B_00510,368,407.0,110.0,0.508,19.386,1.393,0.87,86.8,59.1,1,0.0188,-0.01099,0.01333,-0.00605,0.02843,0.02897,0.03882,10,1.03934,0.79615,85.85327,0,0
236,G4B_00517,372,266.0,69.0,0.396,19.534,0.617,0.819,86.3,277.6,1,-0.00211,-0.00687,0.00893,-0.00072,0.00948,0.01308,0.012,10,0.15005,0.57108,112.99953,0,0
237,G4B_00518,373,357.0,77.0,0.398,20.102,0.588,0.99,-15.3,297.5,1,-0.00499,0.00928,0.01356,-0.00428,0.02332,0.02175,0.0784,10,0.66759,0.72186,-19.6775,0,0
238,G4B_00527,376,224.0,14.0,0.224,17.249,1.285,0.98,-28.9,247.1,1,-0.00104,0.00094,-0.00487,0.0019,0.00242,0.00557,0.00143,10,0.13267,0.94701,-37.14812,0,0
239,G4B_00529,377,223.0,14.0,0.131,16.705,1.415,0.858,84.0,127.8,1,-0.00514,-0.00584,-0.00296,0.00025,0.01265,0.00609,0.01034,10,0.86819,0.72411,87.0981,0,0
240,G4B_00531,379,188.0,13.0,0.08,16.982,0.679,0.645,-27.3,972.6,1,0.00016,-0.0033,0.02144,-0.00123,0.00498,0.02288,0.00202,10,0.05687,0.48877,-23.99622,0,0
241,G4B_00535,382,184.0,27.0,0.357,19.336,0.84,0.878,-13.9,189.9,1,-0.00283,-0.00553,-0.00302,-0.01693,0.01071,0.02045,0.08181,10,0.46963,1.0,-10.08371,0,1
242,G4B_00536,383,203.0,13.0,0.222,17.287,1.886,0.866,1.3,113.9,1,-0.00033,-0.00362,-0.0082,-0.00446,0.01326,0.01034,0.06771,10,1.12951,0.78431,18.19792,0,0
243,G4B_00538,384,205.0,11.0,0.187,17.383,1.475,0.89,-68.8,64.4,1,-0.00035,-0.00044,0.00321,-0.01174,0.0015,0.01201,0.00338,10,0.11595,0.7633,-62.20114,0,0
244,G4B_00539,385,176.0,8.0,0.144,16.783,1.472,0.964,25.6,133.9,1,-0.00968,0.00534,0.00773,-0.01273,0.01163,0.01679,0.02129,10,2.01443,0.91387,16.40891,0,0
245,G4B_00540,386,214.0,40.0,0.428,18.575,1.175,0.821,-64.7,163.9,1,0.00466,0.00037,-0.01039,-0.00069,0.0075,0.01245,0.01118,10,0.32873,0.66807,-67.20334,0,0
246,G4B_00541,387,229.0,27.0,0.424,18.599,1.243,0.858,-6.7,103.6,1,0.01274,0.01385,-0.00455,0.00292,0.0243,0.01136,0.05535,10,0.62852,0.7418,-16.70447,0,0
247,G4B_00543,389,248.0,27.0,0.452,18.438,1.537,0.872,-42.9,27.1,1,0.0034,0.00469,0.00215,-0.00319,0.0069,0.00943,0.02064,10,0.17813,0.83939,-42.03936,0,0
248,G4B_00544,390,240.0,18.0,0.323,18.307,1.255,0.881,26.0,70.6,1,-0.00031,-0.00037,-0.01273,-0.0043,0.00261,0.01342,0.00892,10,0.14746,0.77548,28.18827,0,0
249,G4B_00546,391,144.0,12.0,0.145,17.231,1.451,0.805,-79.6,82.4,1,0.00905,0.00231,0.00241,0.00056,0.01059,0.00562,0.02743,10,0.57366,0.68356,-81.25173,0,0
250,G4B_00550,394,239.0,33.0,0.542,19.635,0.697,0.874,45.6,89.8,1,-0.00178,0.00118,-0.00272,-0.00735,0.00327,0.00822,0.00646,10,0.07988,0.78126,36.02845,0,0
251,G4B_00553,397,233.0,15.0,0.19,17.399,0.884,0.826,-82.8,162.5,1,0.00085,-0.00081,0.00597,0.00036,0.00605,0.00928,0.00438,10,0.17506,0.79113,-82.55175,0,0
252,G4B_00557,400,155.0,13.0,0.137,16.995,1.854,0.807,20.9,493.0,1,0.00847,-0.00393,0.05313,0.00347,0.01815,0.05471,0.02558,10,0.35593,0.50358,22.88848,0,0
253,G4B_00559,402,181.0,16.0,0.28,17.369,2.605,0.782,66.0,57.8,1,-0.00842,-0.07669,0.16501,-0.01289,0.10663,0.16541,0.59092,10,6.13076,0.53317,-23.95057,0,1
254,G4B_00560,403,178.0,17.0,0.283,18.045,2.189,0.67,-60.5,266.0,1,0.02661,-0.01065,0.01975,-0.00355,0.03235,0.03251,0.1159,10,3.39138,0.58204,-48.19476,0,1
255,G4B_00561,404,176.0,13.0,0.285,18.109,1.013,0.937,-84.1,169.4,1,-0.00203,-0.00083,0.00203,-0.00402,0.0033,0.00561,0.00406,10,0.174,0.90806,-80.7843,0,0
256,G4B_00562,405,139.0,21.0,0.288,19.001,0.54,0.534,-24.2,723.1,1,0.00206,0.00187,-0.01007,-0.00663,0.00436,0.02099,0.00575,10,0.08191,0.62775,-30.80934,0,0
257,G4B_00565,407,195.0,20.0,0.241,18.541,0.991,0.593,35.9,1441.4,1,-0.00396,-0.00252,-0.00904,-0.00272,0.00466,0.01208,0.02376,10,0.22411,0.60863,34.39155,0,0
258,G4B_00567,409,174.0,31.0,0.247,19.535,0.376,0.831,-89.1,891.8,1,-0.00363,0.00073,0.00462,-0.00122,0.00856,0.00483,0.00422,10,0.05884,0.83523,-73.74653,0,0
259,G4B_00569,411,243.0,25.0,0.368,18.377,1.091,0.786,47.1,94.0,1,0.00073,0.00197,-0.00708,0.00176,0.00403,0.00713,0.02392,10,0.22413,0.683,45.96165,0,0
260,G4B_00572,412,175.0,24.0,0.32,18.302,1.249,0.759,87.9,134.1,1,0.00897,0.00802,0.0052,-0.00684,0.01894,0.00938,0.02733,10,0.28513,0.66254,91.42328,0,0
261,G4B_00573,413,180.0,21.0,0.289,18.788,1.444,0.734,89.2,156.9,1,0.03316,0.00111,0.0066,-0.0045,0.03493,0.0153,0.19397,10,0.08168,0.63409,87.83468,0,1
262,G4B_00574,414,231.0,11.0,0.188,17.136,1.863,0.94,-71.3,0.0,0,-0.00063,-3e-05,-0.00187,-0.00759,0.00198,0.00916,0.00605,10,0.3902,0.90039,-60.70009,0,0
263,G4B_00575,415,231.0,14.0,0.221,17.499,1.485,0.944,47.4,31.1,1,-0.00066,-0.00023,0.00134,-0.00325,0.00506,0.00897,0.0212,10,0.436,0.84772,22.17024,0,0
264,G4B_00576,416,210.0,11.0,0.221,17.573,1.047,0.958,62.6,98.6,1,-0.00367,0.00233,0.00114,0.00145,0.01116,0.01116,0.00969,10,0.65981,0.96152,56.19119,0,0
265,G4B_00577,417,210.0,15.0,0.225,17.508,1.575,0.858,-67.1,65.2,1,0.00196,0.00079,0.00149,-0.0031,0.00469,0.00603,0.01892,10,0.35404,0.7261,-80.18114,0,0
266,G4B_00578,418,191.0,20.0,0.213,18.49,0.759,0.709,-59.5,373.8,1,-0.00144,0.00371,0.00102,-0.00081,0.00488,0.00477,0.04711,10,2.89333,0.86338,-79.97251,0,0
267,G4B_00580,420,181.0,16.0,0.215,18.029,1.408,0.867,53.0,56.3,1,0.00114,7e-05,-0.00683,0.00432,0.0029,0.00947,0.02323,10,0.39015,0.8142,53.0768,0,0
268,G4B_00584,421,249.0,21.0,0.323,17.954,1.066,0.99,-88.3,203.2,1,0.00096,0.00132,0.00591,0.00255,0.00301,0.00733,0.00403,10,0.14612,0.99957,-91.51928,0,0
269,G4B_00587,422,133.0,12.0,0.058,16.707,1.663,0.904,-17.5,69.9,1,-0.0008,0.00174,0.00445,0.00791,0.00291,0.00932,0.00364,10,0.22858,0.80079,-16.98073,0,0
270,G4B_00592,426,198.0,19.0,0.253,17.524,1.983,0.793,15.6,75.0,1,0.12569,0.05418,0.06163,0.0291,0.1333,0.09149,0.31932,10,0.098,0.48709,12.49401,0,1
271,G4B_00594,427,148.0,5.0,0.054,15.552,1.647,0.86,56.9,82.2,1,-0.00025,0.0002,0.00918,0.00094,0.00161,0.00923,0.00229,10,0.10574,0.71834,58.0181,0,0
272,G4B_00595,428,241.0,14.0,0.256,17.459,1.591,0.876,9.9,66.0,1,0.00094,0.00107,-0.00013,-0.00247,0.00329,0.00403,0.00502,10,0.4915,0.81593,9.45231,0,0
273,G4B_00596,429,240.0,17.0,0.279,17.71,1.269,0.895,44.1,120.4,1,0.00171,-0.00243,-0.00589,-0.0093,0.01019,0.01199,0.04011,10,1.7281,0.69721,30.48615,0,0
274,G4B_00605,436,204.0,17.0,0.332,18.507,0.878,0.828,9.2,119.5,1,0.00421,0.00198,0.00644,-0.00268,0.0065,0.00766,0.00469,10,0.32716,0.76281,7.9416,0,0
275,G4B_00609,438,235.0,20.0,0.354,18.31,1.02,0.825,-82.2,186.8,1,0.00054,-0.00311,0.00183,-0.00767,0.00562,0.00951,0.00841,10,0.15366,0.78351,-72.20785,0,0
276,G4B_00610,439,219.0,40.0,0.478,19.037,1.375,0.892,4.1,625.7,1,-0.00397,0.00013,0.01105,0.00024,0.00816,0.0129,0.02653,10,1.20091,0.79635,-2.69358,0,0
277,G4B_00618,443,246.0,29.0,0.403,18.134,2.136,0.868,48.0,77.0,1,0.00539,0.00099,-0.00101,0.00302,0.00938,0.01279,0.03036,10,2.28454,0.78167,47.06191,0,0
278,G4B_00619,444,212.0,28.0,0.407,18.356,1.532,0.988,85.4,60.2,1,0.00048,-0.00721,0.00426,-0.0035,0.00948,0.01172,0.02697,10,1.45383,0.9963,94.46912,0,0
279,G4B_00620,445,189.0,32.0,0.401,18.74,1.835,0.887,68.5,271.9,1,0.00724,-0.00596,-0.01673,0.0085,0.01764,0.0343,0.16078,10,2.14281,1.0,38.8048,0,1
280,G4B_00622,447,154.0,28.0,0.402,19.44,0.637,0.843,76.6,1021.5,1,0.00095,0.00238,0.00367,0.00242,0.00412,0.00585,0.00788,10,0.17136,0.79822,85.76604,0,0
281,G4B_00627,449,213.0,40.0,0.451,19.094,0.884,0.862,-55.4,195.4,1,-0.00438,0.00414,-0.00283,-0.00479,0.00916,0.00568,0.02037,10,0.24875,0.80918,-48.73085,0,0
282,G4B_00629,450,229.0,15.0,0.152,16.613,1.636,0.985,68.0,53.3,1,-0.00096,-0.00115,0.00115,0.00643,0.00265,0.00677,0.0012,10,0.28689,0.96418,67.09232,0,0
283,G4B_00635,453,248.0,23.0,0.279,17.507,1.648,0.83,51.4,113.0,1,-0.08602,0.01185,0.0656,-0.00168,0.08945,0.07117,0.13431,10,0.8779,0.56705,66.34899,0,1
284,G4B_00636,454,174.0,18.0,0.267,18.858,0.601,0.982,80.5,206.7,1,-0.00036,0.00122,-0.00088,0.00357,0.00218,0.00381,0.01198,10,0.11645,1.0,51.62433,0,0
285,G4B_00640,456,183.0,25.0,0.488,18.967,1.203,0.952,43.2,44.9,1,0.00231,-0.00354,-0.0027,0.00061,0.00934,0.0064,0.00393,10,0.63587,0.96666,40.42701,0,0
286,G4B_00642,457,173.0,8.0,0.099,16.271,1.147,0.95,-32.0,177.2,1,0.00013,0.00159,-0.00199,0.00613,0.00249,0.00648,0.00303,10,0.23014,0.92755,-33.50065,0,0
287,G4B_00643,458,219.0,13.0,0.325,17.419,2.807,0.924,-26.0,34.6,1,0.00041,-0.03942,0.01266,0.00576,0.05235,0.02802,0.09807,10,4.64289,0.77041,-8.78807,0,1
288,G4B_00645,460,141.0,8.0,0.066,16.128,1.535,0.702,-19.7,32.0,1,0.00257,0.02054,0.00514,-0.01453,0.05569,0.0341,0.04522,10,1.44574,0.68057,-23.99224,0,0
289,G4B_00649,463,134.0,7.0,0.132,16.993,1.098,0.85,45.4,425.4,1,-0.00323,-0.01235,0.00478,-0.0043,0.01372,0.01779,0.01245,10,0.72009,0.72965,30.75424,0,0
290,G4B_00652,465,233.0,14.0,0.178,17.041,1.344,0.967,68.0,46.4,1,-0.00181,-0.00116,-0.00287,0.00794,0.0039,0.00923,0.00296,10,0.10854,0.97434,61.54721,0,0
291,G4B_00654,466,218.0,17.0,0.201,17.266,1.73,0.861,-29.7,27.5,1,0.00128,-0.00109,-0.00314,0.007,0.0028,0.00981,0.00657,10,0.35966,0.76598,-29.12685,0,0
292,G4B_00655,467,246.0,31.0,0.327,17.506,2.187,0.907,21.0,0.0,0,-1e-05,0.00057,0.00435,0.00121,0.00594,0.00543,0.01486,10,0.1893,0.86297,18.03982,0,0
293,G4B_00657,469,193.0,11.0,0.27,17.245,1.45,0.918,-5.0,338.9,1,-0.02806,0.02653,0.00859,0.00883,0.05536,0.03342,0.17109,10,2.00636,0.8198,-14.79974,0,1
294,G4B_00658,470,203.0,8.0,0.078,15.615,1.68,0.877,39.2,35.3,1,0.00092,-6e-05,-0.00757,-0.00171,0.00168,0.00797,0.00239,10,0.08878,0.74623,42.97372,0,0
295,G4B_00662,474,203.0,14.0,0.191,18.368,0.625,0.689,-40.3,786.4,1,-0.00116,0.00063,0.00678,-0.0038,0.00212,0.01075,0.00616,10,0.12502,0.61448,-41.08696,0,0
296,G4B_00663,475,120.0,18.0,0.182,18.86,0.576,0.969,-86.1,349.1,1,0.00088,-0.00043,0.00162,-0.00071,0.00372,0.00379,0.00603,10,0.09667,1.0,-94.72763,0,0
297,G4B_00665,477,218.0,21.0,0.22,17.404,1.777,0.79,87.5,40.9,1,0.00047,0.0002,0.00855,0.00063,0.0028,0.01013,0.01083,10,0.1423,0.64433,88.24258,0,0
298,G4B_00666,478,212.0,15.0,0.214,18.498,0.526,0.757,76.8,615.4,1,0.00192,-0.00014,-0.00282,0.00209,0.00358,0.00571,0.00114,10,0.11238,0.71527,77.38832,0,0
299,G4B_00667,479,205.0,14.0,0.211,17.983,0.878,0.992,2.5,75.8,1,-0.0003,-0.00062,0.00354,-0.0017,0.00324,0.00505,0.00154,10,0.25265,0.98732,6.2708,0,0
300,G4B_00668,480,190.0,16.0,0.214,17.584,1.467,0.943,3.7,54.0,1,8e-05,0.00315,0.0037,0.00138,0.00485,0.00543,0.02556,10,0.36261,0.86213,8.06032,0,0
301,G4B_00669,481,145.0,14.0,0.211,18.221,1.105,0.746,-28.9,363.2,1,0.00062,-0.00067,0.00983,-0.00141,0.00416,0.01238,0.01919,10,0.26049,0.68793,-42.72736,0,0
302,G4B_00673,485,230.0,11.0,0.138,16.696,1.395,0.8,53.3,102.0,1,-0.0104,-0.0142,0.01901,-0.00095,0.02042,0.01961,0.02886,10,1.15189,0.56419,53.32093,0,0
303,G4B_00674,486,183.0,14.0,0.162,17.158,1.694,0.683,11.5,62.4,1,-0.00255,0.00888,-0.00125,-0.00324,0.02173,0.00637,0.03321,10,0.51998,0.46198,9.62895,0,0
304,G4B_00675,487,201.0,24.0,0.283,19.018,0.775,0.952,-57.5,70.4,1,-0.00654,0.00599,0.00536,-0.00647,0.00933,0.0209,0.02422,10,0.39669,0.98225,-70.28564,0,0
305,G4B_00676,488,199.0,14.0,0.283,18.049,1.408,0.98,34.9,99.2,1,0.00023,-0.00488,-0.0014,0.00055,0.00622,0.00531,0.00416,10,0.41211,0.94277,29.94302,0,0
306,G4B_00677,489,199.0,22.0,0.286,19.288,0.54,0.787,-35.0,183.8,1,0.00148,-0.00148,0.00425,-0.00027,0.00378,0.0096,0.00209,10,0.19019,0.74546,-38.73053,0,0
307,G4B_00678,490,184.0,16.0,0.291,18.597,1.025,0.956,-15.9,519.1,1,0.00029,-0.00154,-0.0062,-0.00023,0.00697,0.01197,0.07673,10,0.20131,0.99995,-29.75737,0,0
308,G4B_00682,493,247.0,29.0,0.395,18.651,1.196,0.958,-86.0,106.0,1,-0.00106,-0.0041,0.00254,-0.00356,0.00685,0.00788,0.00564,10,0.68837,0.89919,-104.75315,0,0
309,G4B_00684,495,248.0,6.0,0.104,16.031,1.304,0.901,74.3,126.4,1,0.00067,-0.00126,-0.0024,0.00763,0.00234,0.00869,0.00682,10,0.07195,0.79907,72.53584,0,0
310,G4B_00688,497,231.0,24.0,0.235,18.851,0.481,0.739,34.1,500.9,1,-0.00403,0.00056,0.00129,-0.00204,0.00437,0.00479,0.00389,10,0.05881,0.66559,33.00639,0,0
311,G4B_00689,498,221.0,36.0,0.231,19.029,0.601,0.69,88.2,1343.9,1,0.00356,0.00271,0.00932,0.00063,0.00454,0.00951,0.01603,10,0.14965,0.53282,91.52935,0,0
312,G4B_00690,499,206.0,11.0,0.234,17.904,1.013,0.943,3.2,208.8,1,-0.00084,0.00037,-0.00012,-0.00093,0.00247,0.00399,0.00109,10,0.10803,0.85253,-0.69979,0,0
313,G4B_00691,500,192.0,34.0,0.237,19.688,0.526,0.848,88.5,598.2,1,-0.00083,0.00288,0.02125,0.00304,0.01266,0.0258,0.02115,10,0.68628,0.60932,73.94362,0,0
314,G4B_00692,501,166.0,18.0,0.23,19.064,0.426,0.701,82.7,0.0,0,0.00078,0.0062,0.0017,0.00152,0.00667,0.00516,0.00286,10,0.1178,0.77258,81.86638,0,0
315,G4B_00693,502,164.0,17.0,0.239,18.551,1.42,0.705,47.3,365.6,1,-0.28152,0.18564,-0.4536,1.51119,1.15584,1.76518,6.06928,10,7.86886,0.25,90.92566,0,1
316,G4B_00695,504,226.0,32.0,0.457,18.399,2.129,0.834,40.5,83.1,1,-0.03771,-0.02814,-0.00712,0.01961,0.06967,0.03653,0.25113,10,2.46807,0.734,69.26156,0,1
317,G4B_00696,505,205.0,14.0,0.195,16.835,2.298,0.876,-43.8,37.5,1,0.0126,-0.00422,-0.00028,-0.00295,0.02437,0.01049,0.03497,10,3.55637,0.67619,-48.88506,0,0
318,G4B_00699,507,231.0,18.0,0.279,17.929,1.028,0.893,-29.4,91.9,1,-0.00015,0.00083,-0.01133,0.00245,0.00338,0.01205,0.00291,10,0.17891,0.83136,-33.91439,0,0
319,G4B_00701,509,171.0,11.0,0.138,16.871,1.436,0.826,-5.3,71.2,1,0.00079,-8e-05,0.01327,0.00752,0.00178,0.01759,0.00488,10,0.07288,0.63697,-1.22118,0,0
320,G4B_00702,510,199.0,8.0,0.07,15.548,1.485,0.898,-56.8,175.3,1,0.00064,-0.00098,-0.00155,-0.00359,0.00295,0.00503,0.00128,10,0.11152,0.76508,-55.232,0,0
321,G4B_00710,514,217.0,12.0,0.255,17.755,1.233,0.932,-71.2,103.1,1,-0.00027,-0.00277,0.00254,-0.00491,0.00355,0.00588,0.00314,10,0.14355,0.87273,-73.49395,0,0
322,G4B_00711,515,201.0,17.0,0.115,17.368,1.297,0.826,-56.7,45.1,1,-0.00163,-0.00022,-0.00485,-0.002,0.00437,0.00606,0.00704,10,0.167,0.79684,-55.78343,0,0
323,G4B_00712,516,216.0,21.0,0.267,17.541,1.575,0.941,-7.8,36.9,1,0.01006,-0.00553,0.0068,0.01264,0.01353,0.01449,0.03074,10,1.44311,0.82403,-13.12611,0,0
324,G4B_00714,517,188.0,32.0,0.445,19.302,0.983,0.976,86.6,86.7,1,-0.00211,0.0005,-0.01134,-0.00728,0.0096,0.01924,0.03235,9,0.21004,0.7635,130.21298,0,0
325,G4B_00715,518,224.0,12.0,0.311,17.718,1.182,0.851,15.9,118.1,1,-0.00823,-0.00697,0.00798,-0.01486,0.0127,0.01859,0.04704,10,1.2959,0.73272,25.564,0,0
326,G4B_00716,519,219.0,30.0,0.372,18.353,1.089,0.935,83.5,68.8,1,-0.00231,0.00054,0.00336,0.00332,0.00321,0.00588,0.00229,10,0.43056,0.91047,80.14179,0,0
327,G4B_00717,520,191.0,12.0,0.099,16.421,1.233,0.796,-11.0,150.4,1,0.00134,-0.00254,0.01873,0.00071,0.00334,0.01888,0.03417,10,0.95563,0.70878,-7.00404,0,0
328,G4B_00718,521,188.0,9.0,0.084,16.072,1.575,0.791,-13.0,123.7,1,0.00012,-0.00363,0.00676,0.00073,0.00927,0.01299,0.0608,10,1.49032,0.58466,-13.3777,0,0
329,G4B_00725,523,203.0,7.0,0.068,15.591,1.51,0.851,-13.7,39.5,1,-0.00039,0.00079,0.00267,0.00627,0.00156,0.00715,0.0023,10,0.03052,0.75705,-13.3589,0,0
330,G4B_00740,526,198.0,39.0,0.536,19.464,1.064,0.888,10.6,65.4,1,-0.00937,-0.00799,0.00371,0.01197,0.01505,0.01557,0.02468,10,0.9259,0.91036,-16.2979,0,0
331,G4B_00741,527,194.0,37.0,0.535,19.118,1.273,0.809,29.1,113.6,1,-0.02238,0.02242,-0.01527,-0.0002,0.05011,0.03095,0.15168,10,1.46177,0.71504,39.10051,0,1
332,G4B_00742,528,130.0,7.0,0.125,17.059,1.451,0.762,-70.2,54.8,1,-0.00054,0.00085,0.0003,-0.00619,0.00554,0.00681,0.00922,10,0.61655,0.6634,-69.34389,0,0
333,G4B_00743,529,220.0,18.0,0.273,17.835,1.727,0.813,68.1,110.4,1,-0.11337,-0.0261,0.00101,-0.02016,0.11607,0.04219,0.37112,10,0.11893,0.50923,63.78722,0,1
334,G4B_00747,530,227.0,19.0,0.334,17.881,0.925,0.898,-13.5,159.2,1,0.00516,-0.0042,-0.00271,-0.00071,0.00905,0.0057,0.0266,10,0.52367,0.88559,0.39904,0,0
335,G4B_00749,531,179.0,28.0,0.505,19.287,0.686,0.95,41.4,127.7,1,-0.00245,-0.00523,-0.00244,-0.00499,0.00646,0.00642,0.00322,10,0.53564,0.89815,22.50915,0,0
336,G4B_00751,532,189.0,9.0,0.13,16.821,1.408,0.971,29.0,67.7,1,0.00097,-0.00064,-0.00298,-0.00696,0.00377,0.00926,0.00274,10,0.14103,0.94717,27.10408,0,0
337,G4B_00756,534,243.0,31.0,0.398,18.576,0.645,0.754,17.9,562.2,1,-0.00081,-0.00275,0.02029,-0.00163,0.00457,0.02056,0.00258,10,0.22516,0.57922,14.06992,0,0
338,G4B_00759,536,249.0,20.0,0.318,17.359,1.63,0.9,75.1,37.2,1,-0.0056,9e-05,0.01029,0.01056,0.00833,0.01557,0.03752,10,0.77589,0.80862,75.62077,0,0
339,G4B_00760,537,245.0,17.0,0.318,17.93,0.933,0.837,-88.0,95.8,1,-0.0018,-0.00039,0.00567,0.00013,0.00502,0.00591,0.00924,10,0.51512,0.78185,-84.69992,0,0
340,G4B_00761,538,195.0,34.0,0.516,19.423,1.684,0.68,10.7,225.3,1,-0.00292,0.15207,-0.14503,0.6134,0.17551,0.64286,1.3452,7,7.12224,0.25,52.12354,0,1
341,G4B_00767,539,246.0,45.0,0.357,18.635,2.934,0.866,-49.2,52.9,1,-0.0198,0.09787,-0.03573,-0.00898,0.10145,0.06539,0.16585,10,2.81957,0.88896,-64.52908,0,1
342,G4B_00768,540,238.0,28.0,0.374,18.533,1.361,0.932,40.6,71.3,1,-0.00131,0.00106,-0.0101,0.00237,0.00814,0.01189,0.01408,10,0.19729,0.8879,46.53827,0,0
343,G4B_00769,541,234.0,24.0,0.374,18.155,1.694,0.76,80.5,197.0,1,-0.06392,0.05124,0.01623,-0.00223,0.08652,0.02761,0.22816,10,0.28216,0.56406,79.34865,0,1
344,G4B_00773,543,247.0,37.0,0.27,19.476,0.465,0.816,89.4,564.1,1,0.01041,-0.00028,0.01964,0.00594,0.01099,0.02123,0.01006,10,0.21205,0.6766,89.43831,0,0
345,G4B_00774,544,236.0,21.0,0.278,18.997,0.645,0.885,-29.7,156.5,1,0.00047,-0.00022,0.00366,-0.00408,0.00374,0.00689,0.00864,10,0.34814,0.83316,-65.50136,0,0
346,G4B_00781,546,210.0,18.0,0.288,18.6,0.785,0.566,-5.7,140.9,1,0.00156,0.00136,-0.00201,0.00038,0.00342,0.01576,0.00665,10,0.26441,0.74324,-0.62963,0,0
347,G4B_00783,547,192.0,18.0,0.273,18.739,0.729,0.813,-12.2,217.8,1,0.00522,-0.00121,0.00472,0.00333,0.00631,0.00523,0.00182,10,0.16241,0.67654,-4.35235,0,0
348,G4B_00789,549,148.0,17.0,0.277,18.068,3.632,0.839,32.7,35.4,1,-0.06912,-0.00173,0.24282,0.01808,0.19288,0.25025,0.56616,10,2.88377,0.59938,17.87192,0,1
349,G4B_00790,550,148.0,22.0,0.28,18.864,0.983,0.888,64.2,134.0,1,0.00775,0.0014,0.01553,-0.00703,0.01254,0.02316,0.00979,10,0.87932,0.89275,12.02656,0,0
350,G4B_00791,551,126.0,6.0,0.07,16.254,1.064,0.802,0.0,153.4,1,-0.00099,-0.00025,-0.00171,-0.01003,0.00258,0.01132,0.00685,10,0.28856,0.87494,25.79583,0,0
351,G4B_00793,552,152.0,28.0,0.483,19.62,0.649,0.761,62.5,1603.2,1,-0.00908,-0.00182,0.00187,0.01066,0.0133,0.01425,0.01593,10,0.40824,0.88926,86.11469,0,0
352,G4B_00797,554,193.0,32.0,0.509,19.371,1.089,0.758,27.1,453.5,1,0.0032,-0.00818,-0.00657,-0.00255,0.02793,0.01201,0.07467,10,1.062,0.50292,32.08022,0,0
353,G4B_00798,555,187.0,30.0,0.363,18.175,1.444,0.772,8.8,54.6,1,-0.00119,0.00095,0.01195,-0.00542,0.00319,0.01348,0.01095,10,0.17677,0.74039,7.98408,0,0
354,G4B_00799,556,236.0,15.0,0.18,16.831,1.399,0.767,12.5,59.2,1,-0.00107,-0.00048,0.00499,0.00039,0.00164,0.00566,0.01159,10,0.09142,0.6896,8.98892,0,0
355,G4B_00800,557,221.0,33.0,0.456,19.233,0.978,0.855,73.1,121.1,1,-0.00257,0.0021,-0.00341,0.00281,0.01254,0.00835,0.01459,10,0.72053,0.77549,60.42705,0,0
356,G4B_00801,558,195.0,38.0,0.504,19.582,1.231,0.79,70.2,119.1,1,-0.00299,0.02032,-0.00148,-0.0019,0.03349,0.02946,0.02588,10,1.18963,0.6125,95.72604,0,0
357,G4B_00804,560,193.0,23.0,0.276,17.378,4.666,0.751,47.7,57.6,1,-0.16415,-0.08608,0.09418,0.0539,0.47749,0.23001,2.16338,10,3.49907,0.25497,28.00128,0,1
358,G4B_00810,562,240.0,26.0,0.226,17.145,1.237,0.754,8.6,241.4,1,-0.01867,-0.00503,-0.00739,-0.00462,0.02525,0.01989,0.10616,10,1.09733,0.5745,-6.6566,0,1
359,G4B_00812,564,233.0,18.0,0.279,18.206,0.952,0.948,-33.6,81.7,1,0.00209,0.00113,-0.00306,0.00276,0.00431,0.0055,0.00267,10,0.13193,0.92399,-36.20162,0,0
360,G4B_00813,565,222.0,17.0,0.285,18.304,0.822,0.979,-76.1,76.1,1,0.00065,0.00031,0.00338,0.00065,0.00459,0.00383,0.0066,10,0.17285,1.0,-98.79239,0,0
361,G4B_00815,567,237.0,8.0,0.113,15.838,1.522,0.856,-17.2,60.4,1,0.00558,0.00352,-0.00424,0.00446,0.01025,0.00992,0.0639,10,0.6939,0.72726,-16.1498,0,0
362,G4B_00818,570,131.0,11.0,0.136,17.16,1.116,0.801,-23.6,164.9,1,0.0045,0.00253,0.00184,0.00337,0.00839,0.0043,0.00719,10,0.06577,0.7223,-26.7935,0,0
363,G4B_00820,572,202.0,39.0,0.488,19.05,1.45,0.961,41.9,0.0,0,-0.00308,-0.00526,-0.0101,-0.00436,0.00875,0.0153,0.00585,10,1.13603,0.95226,43.33506,0,0
364,G4B_00821,573,248.0,33.0,0.524,19.365,0.816,0.869,-61.7,119.2,1,-0.00152,0.00045,-0.00904,-0.00411,0.00397,0.01175,0.00504,10,0.43515,0.78005,-67.88633,0,0
365,G4B_00826,578,225.0,32.0,0.432,18.635,1.7,0.776,-51.8,84.6,1,-0.02969,0.00997,0.00606,-0.00074,0.03152,0.02689,0.13854,10,1.5424,0.56493,-37.66721,0,1
366,G4B_00828,580,187.0,8.0,0.111,16.196,1.377,0.969,85.4,318.9,1,-0.00018,0.00134,0.00727,0.00348,0.00188,0.00851,0.00669,10,0.1805,0.95684,78.79613,0,0
367,G4B_00829,581,154.0,30.0,0.512,19.634,0.664,0.815,2.7,194.4,1,-0.00362,0.00533,0.00675,0.00991,0.00798,0.02432,0.02209,10,0.31137,0.81968,-19.646,0,0
368,G4B_00833,585,217.0,39.0,0.456,19.467,0.978,0.707,53.8,198.0,1,-0.00364,0.0025,0.00486,0.00088,0.00788,0.00748,0.01452,10,0.24354,0.67817,61.05469,0,0
369,G4B_00834,586,175.0,13.0,0.137,16.965,1.225,0.824,-20.6,109.1,1,0.0005,-0.00029,0.00447,0.00569,0.00463,0.01123,0.02528,10,0.43925,0.74161,-14.36235,0,0
370,G4B_00837,588,136.0,7.0,0.072,16.301,1.13,0.897,32.2,239.2,1,-0.00027,0.00059,0.00024,-9e-05,0.00457,0.00281,0.00256,10,0.12368,0.81219,33.38968,0,0
371,G4B_00838,589,227.0,25.0,0.33,18.444,0.92,0.952,56.0,99.0,1,-0.00053,0.00063,0.00166,0.00544,0.00239,0.00685,0.00432,10,0.32047,0.89751,67.96545,0,0
372,G4B_00839,590,184.0,12.0,0.128,17.234,1.082,0.83,18.8,210.0,1,-0.00155,-0.00305,0.01386,-0.00393,0.00486,0.01447,0.00432,10,0.3007,0.65705,20.39677,0,0
373,G4B_00840,591,125.0,11.0,0.107,17.363,0.649,0.784,36.4,253.9,1,-0.00266,0.00154,-0.00106,0.00141,0.003,0.00376,0.01286,10,0.13615,0.73584,34.90435,0,0
374,G4B_00841,592,190.0,13.0,0.161,17.18,1.158,0.807,-67.6,101.4,1,-0.00237,-1e-05,0.00276,-0.00128,0.00333,0.00405,0.01075,10,0.10249,0.71676,-67.96265,0,0
375,G4B_00842,593,174.0,12.0,0.152,16.902,1.734,0.858,40.6,24.3,0,0.00034,-0.00143,-0.01176,-0.00179,0.0034,0.01201,0.00846,10,0.0826,0.74155,40.27634,0,0
376,G4B_00843,594,126.0,4.0,0.053,15.8,1.355,0.848,-20.8,102.0,1,5e-05,-0.00041,-0.00241,0.00211,0.00287,0.00895,0.00694,10,0.26027,0.75249,-22.89333,0,0
377,G4B_00844,595,240.0,34.0,0.449,18.901,1.399,0.869,-12.9,55.9,1,-0.01375,0.01221,0.01074,-0.0112,0.02343,0.02278,0.0502,10,0.64194,0.74826,-10.85681,0,0
378,G4B_00845,596,238.0,26.0,0.353,18.465,1.423,0.824,-6.7,89.2,1,0.00365,0.0041,0.00971,0.00859,0.01106,0.01313,0.06137,10,1.33367,0.85127,-13.33163,0,0
379,G4B_00846,597,209.0,6.0,0.081,15.536,2.595,0.866,9.1,56.6,1,-0.01838,0.03863,-0.00227,-0.03077,0.04117,0.03136,0.17591,10,4.75275,0.72992,22.59046,0,1
380,G4B_00847,598,207.0,30.0,0.54,19.097,1.63,0.92,51.7,28.4,1,-0.00533,-0.00164,0.00794,0.00265,0.01164,0.01608,0.02226,10,1.34942,0.93664,55.79503,0,0
381,G4B_00848,599,203.0,33.0,0.311,19.095,0.867,0.493,39.0,396.5,1,0.01479,0.0038,0.00522,-0.00666,0.01659,0.01513,0.04355,10,0.46897,0.5177,36.15303,0,0
382,G4B_00849,600,199.0,23.0,0.318,18.986,0.645,0.848,-56.3,31136.4,1,-0.00329,0.00353,5e-05,-0.00077,0.00496,0.00304,0.00381,10,0.06936,0.88317,-58.56985,0,0
383,G4B_00851,602,187.0,12.0,0.133,16.874,1.221,0.839,-82.1,183.5,1,0.00207,0.00077,0.00768,-0.00154,0.00265,0.0084,0.00413,10,0.08805,0.71325,-82.35847,0,0
384,G4B_00853,604,151.0,27.0,0.353,18.597,2.267,0.97,-26.5,4.6,0,0.01257,-0.00188,0.00121,-0.00683,0.02057,0.01422,0.11907,10,8.02238,0.88284,-33.4059,0,1
385,G4B_00855,605,215.0,31.0,0.494,19.253,0.861,0.917,-40.6,108.2,1,0.0025,0.00702,-0.00754,-2e-05,0.00749,0.00857,0.00998,10,0.35138,0.81556,-45.01659,0,0
386,G4B_00859,609,181.0,31.0,0.541,19.556,0.649,0.921,-26.3,87.2,1,0.00133,-0.00475,0.00309,0.00528,0.00894,0.00838,0.00222,10,0.12247,0.91215,-26.94445,0,0
387,G4B_00860,610,242.0,31.0,0.544,19.361,1.006,0.861,-67.6,353.6,1,0.00543,0.00036,0.04324,0.00206,0.01025,0.04422,0.01474,10,0.43045,0.5863,-69.55265,0,0
388,G4B_00861,611,235.0,24.0,0.443,18.112,2.687,0.901,-63.6,112.3,1,-0.00719,0.04512,-0.01282,-0.00658,0.06352,0.04178,0.1196,10,6.87115,0.8418,-88.08143,0,1
389,G4B_00865,614,231.0,36.0,0.495,19.447,0.749,0.699,25.1,405.8,1,-0.04396,-0.0051,0.03625,0.00353,0.0442,0.03659,0.16479,10,0.32722,0.49767,33.35332,0,1
390,G4B_00866,615,209.0,8.0,0.142,16.895,1.45,0.725,8.9,42.9,1,-0.00347,0.00594,-0.01616,-0.01251,0.0066,0.0211,0.01559,10,0.09203,0.6524,9.90938,0,0
391,G4B_00869,617,185.0,33.0,0.475,19.45,0.697,0.838,-24.9,123.8,1,0.00485,0.00028,-0.00104,-0.00433,0.01054,0.00905,0.00766,10,0.06942,0.78997,-42.58364,0,0
392,G4B_00870,618,209.0,14.0,0.151,16.933,1.645,0.906,17.2,46.7,1,0.00169,-0.00134,0.00318,-0.00357,0.00458,0.00684,0.00979,10,0.07278,0.79784,14.3718,0,0
393,G4B_00871,619,219.0,21.0,0.238,17.336,1.846,0.905,64.8,36.0,1,-0.002,0.00157,-0.00211,0.00942,0.00343,0.01105,0.0072,10,0.15919,0.80714,62.44814,0,0
394,G4B_00873,621,199.0,13.0,0.236,17.733,1.519,0.924,67.5,136.7,1,-0.00272,-0.00114,-0.00185,0.0055,0.0052,0.00819,0.00414,10,0.2209,0.78436,73.36317,0,0
395,G4B_00874,622,153.0,15.0,0.233,18.708,0.617,0.622,-52.1,548.1,1,0.00136,0.00234,0.00093,-0.00462,0.0032,0.00479,0.00473,10,0.08687,0.69339,-47.63516,0,0
396,G4B_00878,626,187.0,6.0,0.106,16.639,1.375,0.955,8.2,98.9,1,0.00092,0.00057,0.00221,-0.00417,0.0029,0.00531,0.00434,10,0.17056,0.90781,10.54566,0,0
397,G4B_00880,628,167.0,31.0,0.122,18.663,0.637,0.672,9.0,768.8,1,-0.00044,0.00024,-0.01031,-0.00028,0.00261,0.01469,0.00162,10,0.15056,0.71068,19.24655,0,0
398,G4B_00883,631,241.0,19.0,0.435,18.473,0.903,0.857,-14.6,140.1,1,0.00075,-0.00194,0.00844,0.00534,0.00318,0.00912,0.00915,10,0.23311,0.84613,-19.30323,0,0
399,G4B_00885,632,227.0,18.0,0.354,18.31,0.861,0.846,24.4,427.4,1,-0.00107,-0.00119,-0.0073,0.00422,0.00356,0.01127,0.00477,10,1.44246,0.78301,48.30787,0,0
400,G4B_00887,634,200.0,18.0,0.201,17.192,1.706,0.781,27.2,87.1,1,-0.02416,-0.02824,-0.00065,0.01871,0.04095,0.02126,0.04933,10,1.11468,0.62444,20.38992,0,0
401,G4B_00892,638,138.0,17.0,0.271,18.901,0.496,0.719,-41.1,336.2,1,0.00241,0.0022,0.00131,-0.00144,0.00373,0.00405,0.00234,10,0.06312,0.74676,-43.28548,0,0
402,G4B_00894,640,167.0,9.0,0.157,17.148,1.381,0.97,76.4,46.9,1,2e-05,-0.00049,-0.00126,0.00431,0.0014,0.0086,0.00292,10,0.14931,0.99291,64.72467,0,0
403,G4B_00895,641,147.0,22.0,0.454,18.886,1.158,0.91,37.4,137.0,1,0.00169,-0.00479,5e-05,0.00056,0.00592,0.00549,0.00479,10,0.55439,0.78623,42.98886,0,0
404,G4B_00896,642,235.0,3.0,0.065,16.006,0.952,0.792,-71.4,227.8,1,-0.00027,0.00039,0.00573,-0.00111,0.00263,0.00628,0.01139,10,0.13081,0.66611,-77.14933,0,0
405,G4B_00899,644,189.0,34.0,0.503,19.062,1.502,0.698,33.6,226.9,1,-0.0045,0.00207,0.01231,-0.01454,0.01785,0.04003,0.03463,10,0.29632,0.73357,11.93411,0,0
406,G4B_00914,650,171.0,9.0,0.176,16.99,1.31,0.956,-87.5,198.8,1,0.00131,0.00098,0.00535,0.00288,0.00286,0.0077,0.0032,10,0.29194,0.89604,-95.1834,0,0
407,G4B_00917,652,190.0,23.0,0.291,17.595,1.625,0.861,10.0,97.3,1,0.01284,-0.02801,0.00273,-0.00304,0.04089,0.00587,0.07201,10,4.69682,0.79514,13.164,0,1
408,G4B_00918,653,174.0,17.0,0.291,18.461,0.955,0.902,0.2,105.7,1,0.0007,-0.00186,0.00646,0.0054,0.00277,0.01016,0.00566,10,0.11503,0.89919,-11.38433,0,0
409,G4B_00924,659,247.0,24.0,0.397,18.588,0.785,0.814,2.4,191.6,1,0.00224,-0.00126,0.00378,-0.00127,0.00455,0.00511,0.00121,10,0.05296,0.72804,-0.27593,0,0
410,G4B_00925,660,247.0,14.0,0.22,17.363,1.263,0.915,8.5,83.4,1,0.00162,0.00056,0.00126,-0.00838,0.00377,0.00841,0.00759,10,0.11587,0.84556,17.46395,0,0
411,G4B_00926,661,247.0,25.0,0.349,17.682,2.113,0.845,-25.6,93.3,1,0.01249,-0.00933,-0.00416,0.00174,0.01778,0.02318,0.04071,10,1.06404,0.63254,-34.33316,0,0
412,G4B_00927,662,246.0,47.0,0.527,18.962,1.886,0.986,82.9,92.7,1,-0.02631,-0.01635,-0.00456,-0.00786,0.02928,0.01541,0.113,10,1.72996,0.7736,97.32837,0,1
413,G4B_00928,663,245.0,27.0,0.349,18.405,1.31,0.924,82.2,116.3,1,0.04242,0.00449,0.01779,-0.00663,0.04984,0.02945,0.07377,10,2.69185,0.94354,14.32793,0,0
414,G4B_00929,664,245.0,34.0,0.504,18.636,1.477,0.93,-4.5,49.0,1,0.00154,0.00284,0.0041,0.00431,0.00803,0.00769,0.00536,10,0.17545,0.88894,-7.66578,0,0
415,G4B_00930,665,244.0,25.0,0.372,18.161,1.249,0.943,82.6,90.5,1,-0.0006,0.00088,0.00529,0.00187,0.00339,0.00723,0.00294,10,0.13709,0.90073,78.63189,0,0
416,G4B_00931,666,242.0,33.0,0.412,19.164,0.84,0.884,33.5,108.8,1,-0.00285,-0.00102,-0.0002,-0.00358,0.00441,0.00636,0.00365,10,0.28074,0.88187,35.46775,0,0
417,G4B_00932,667,242.0,21.0,0.348,18.278,0.965,0.759,58.1,151.6,1,-0.00267,0.00059,-0.00831,0.00258,0.00482,0.00893,0.0099,10,0.27265,0.67307,57.02631,0,0
418,G4B_00933,668,239.0,19.0,0.267,17.69,1.556,0.844,86.8,72.5,1,0.01092,0.00733,0.00681,0.03942,0.02622,0.04,0.06175,10,0.56792,0.71501,76.10614,0,0
419,G4B_00934,669,238.0,26.0,0.371,18.383,1.207,0.901,-27.9,58.5,1,0.0036,0.0,0.0024,0.00501,0.00677,0.01128,0.01267,10,0.24836,0.89239,-13.1172,0,0
420,G4B_00935,670,237.0,31.0,0.492,19.034,1.061,0.834,20.4,93.8,1,0.00077,-0.00186,-0.00259,-0.00505,0.00376,0.01183,0.0048,10,0.12525,0.74874,27.29635,0,0
421,G4B_00936,671,237.0,32.0,0.528,18.387,2.855,0.841,-19.3,173.2,1,0.02253,0.04701,0.05067,-0.04275,0.05481,0.07045,0.09117,10,1.63255,0.82774,-3.38562,0,1
422,G4B_00937,672,236.0,26.0,0.354,18.137,1.338,0.851,87.3,69.4,1,-0.01045,0.00297,0.00076,0.00395,0.0116,0.00549,0.02532,10,0.11782,0.81233,86.20916,0,0
423,G4B_00938,673,236.0,12.0,0.221,17.003,1.714,0.927,-75.1,75.5,1,-0.00046,-0.00188,0.00374,-0.00866,0.00305,0.00935,0.00409,10,0.10731,0.8633,-73.42596,0,0
424,G4B_00939,674,235.0,18.0,0.351,18.356,0.975,0.919,-77.4,404.4,1,-0.00369,-0.0041,-4e-05,0.00159,0.0088,0.00414,0.00712,10,0.05329,0.82793,-81.54482,0,0
425,G4B_00941,676,233.0,13.0,0.175,17.015,1.127,0.772,-9.9,127.0,1,-0.00026,-0.00037,0.00463,0.00268,0.0022,0.0056,0.0074,10,0.12156,0.68726,-10.02364,0,0
426,G4B_00942,677,232.0,23.0,0.349,17.862,1.863,0.729,-1.4,75.9,1,0.00299,-0.04203,-0.00316,0.01098,0.05347,0.03149,0.19809,10,3.02693,0.6255,-19.52737,0,1
427,G4B_00943,678,231.0,19.0,0.372,18.291,0.952,0.766,41.8,117.8,1,-0.00059,-0.00365,0.00232,-0.00342,0.00686,0.00445,0.00387,10,0.09632,0.76965,42.59391,0,0
428,G4B_00944,679,231.0,23.0,0.347,18.0,1.344,0.931,-67.4,74.5,1,0.00255,-0.00229,0.00058,-0.00689,0.00397,0.0074,0.01042,10,0.65025,0.85771,-68.70779,0,0
429,G4B_00945,680,228.0,8.0,0.124,15.834,1.734,0.861,-21.5,21.8,0,-0.00051,-0.00123,-0.00662,0.00265,0.00335,0.00707,0.00674,10,0.18105,0.73716,-20.75763,0,0
430,G4B_00946,681,228.0,24.0,0.345,18.536,1.139,0.879,-47.6,49.9,1,-0.00607,0.00559,-0.00469,-0.00234,0.01298,0.01171,0.01252,10,0.25624,0.86501,-47.1006,0,0
431,G4B_00950,685,225.0,34.0,0.53,19.237,0.965,0.855,-72.9,107.7,1,-0.00121,0.00169,-0.00128,-0.0041,0.00488,0.00655,0.00493,10,0.17011,0.81838,-71.12638,0,0
432,G4B_00951,686,223.0,11.0,0.122,16.455,1.48,0.89,-13.6,45.9,1,-0.00252,0.00983,0.00927,0.00309,0.01359,0.0133,0.03196,10,0.66425,0.78204,-10.56804,0,0
433,G4B_00952,687,221.0,27.0,0.436,18.49,1.175,0.761,37.7,65.9,1,-0.00819,-0.00938,-0.0063,0.00567,0.01428,0.01849,0.01885,10,0.50613,0.72745,30.29696,0,0
434,G4B_00954,689,219.0,13.0,0.178,17.144,1.361,0.872,-56.3,62.0,1,-0.0005,0.0009,-0.0063,-0.00398,0.00206,0.00976,0.00388,10,0.10042,0.75804,-58.26287,0,0
435,G4B_00955,690,219.0,15.0,0.218,17.676,1.13,0.853,30.6,178.0,1,-0.01318,0.00313,-0.01068,-0.003,0.01624,0.01353,0.02558,10,0.1092,0.70106,38.74507,0,0
436,G4B_00956,691,218.0,15.0,0.219,17.37,1.535,0.869,29.5,27.2,1,0.00092,-0.0008,7e-05,-0.00681,0.0032,0.00792,0.00526,10,0.2868,0.8055,28.88654,0,0
437,G4B_00958,693,216.0,12.0,0.228,17.229,1.413,0.819,25.5,61.2,1,0.00247,-0.00079,0.00385,-0.00532,0.00278,0.00808,0.00515,10,0.13965,0.72663,24.37121,0,0
438,G4B_00959,694,216.0,6.0,0.105,16.182,0.887,0.756,2.1,153.8,1,-0.00087,-0.00111,0.01798,-0.00594,0.00318,0.02093,0.00514,10,0.14756,0.72652,10.23811,0,0
439,G4B_00961,696,213.0,12.0,0.196,17.264,1.098,0.899,4.6,132.0,1,-0.00067,0.00064,0.00529,-0.00196,0.00218,0.00565,0.00597,10,0.12091,0.86012,5.51378,0,0
440,G4B_00962,697,213.0,25.0,0.348,18.506,1.075,0.797,-35.5,164.2,1,-0.0015,0.00032,-0.00337,0.00203,0.00432,0.00618,0.00444,10,0.13774,0.72394,-27.01104,0,0
441,G4B_00963,698,213.0,24.0,0.326,17.911,2.14,0.61,-6.5,237.9,1,-0.15398,-0.08186,0.04052,-0.06203,0.21825,0.1778,0.50893,10,4.29642,0.25,-19.17319,0,1
442,G4B_00964,699,212.0,11.0,0.185,17.273,1.147,0.739,-38.0,105.4,1,-0.00025,-0.00104,-0.00358,0.0022,0.00299,0.00423,0.0058,10,0.26617,0.6799,-39.44203,0,0
443,G4B_00965,700,211.0,29.0,0.365,18.736,1.132,0.748,-85.5,153.1,1,0.00158,0.04971,0.01121,-0.00263,0.05014,0.01968,0.02333,10,0.63521,0.63129,-83.83084,0,0
444,G4B_00967,702,210.0,29.0,0.531,19.076,0.725,0.723,-27.3,225.7,1,0.00327,0.00083,0.00222,0.00768,0.0033,0.00865,0.00353,10,0.1689,0.71077,-31.89886,0,0
445,G4B_00968,703,209.0,21.0,0.364,18.109,1.634,0.912,-50.0,57.8,1,-0.00376,0.00029,-0.00931,0.00042,0.00892,0.01127,0.03012,10,0.42895,0.82398,-42.7276,0,0
446,G4B_00969,704,209.0,7.0,0.125,16.47,1.415,0.879,45.4,68.8,1,-0.0009,-0.00208,-0.00091,0.00088,0.00342,0.00935,0.00303,10,0.11067,0.84874,47.86563,0,0
447,G4B_00970,705,209.0,30.0,0.477,19.038,1.423,0.814,6.6,71.7,1,0.00601,-0.00348,0.01154,0.00102,0.00849,0.01207,0.01395,10,0.22628,0.68302,5.43009,0,0
448,G4B_00971,706,209.0,28.0,0.502,19.248,0.84,0.732,19.4,317.2,1,0.00023,-0.00451,-0.00097,0.00586,0.00924,0.01312,0.03267,10,0.14733,0.57803,22.97785,0,0
449,G4B_00972,707,209.0,9.0,0.125,16.636,1.091,0.815,-46.9,135.4,1,0.00041,0.00059,-0.01064,-0.001,0.00259,0.01066,0.00234,10,0.18472,0.7152,-45.83025,0,0
450,G4B_00973,708,208.0,18.0,0.361,18.581,0.855,0.491,43.3,408.9,1,-0.01772,0.00672,-0.00641,-0.00751,0.02492,0.01604,0.04346,10,0.27011,0.56718,35.6215,0,0
451,G4B_00977,712,204.0,11.0,0.166,17.142,1.331,0.828,79.8,129.9,1,-0.00748,-0.01212,0.01873,0.01814,0.01568,0.02713,0.04291,10,2.02954,0.71385,72.20702,0,0
452,G4B_00978,713,204.0,11.0,0.125,17.126,0.952,0.816,-1.2,443.9,1,0.00177,0.00062,0.00796,-0.00066,0.00286,0.00823,0.00336,10,0.04299,0.68837,-1.14259,0,0
453,G4B_00981,716,203.0,22.0,0.376,18.277,1.245,0.881,-53.6,93.7,1,0.00111,0.0039,-0.00628,-0.00352,0.0044,0.00941,0.00787,10,0.1214,0.76452,-52.47926,0,0
454,G4B_00982,717,202.0,19.0,0.36,18.173,1.338,0.893,-12.5,39.6,1,-0.00045,-0.00109,0.0053,0.00058,0.01341,0.01094,0.04026,10,0.4157,0.98877,-12.4719,0,0
455,G4B_00984,719,200.0,17.0,0.33,18.53,0.686,0.485,-27.8,475.9,1,0.00133,-0.0028,-0.00505,0.00228,0.00661,0.0066,0.0125,10,0.26434,0.60715,-28.13194,0,0
456,G4B_00985,720,200.0,18.0,0.362,18.555,0.909,0.86,0.5,209.1,1,-0.00282,2e-05,0.00325,-0.00318,0.00678,0.00513,0.01912,10,0.62666,1.0,21.40358,0,0
457,G4B_00987,722,198.0,20.0,0.305,17.997,1.316,0.988,-83.2,100.1,1,-0.00169,-0.00307,0.00579,-3e-05,0.0049,0.00756,0.00497,10,1.24368,0.9895,-86.78692,0,0
458,G4B_00989,724,197.0,13.0,0.176,17.345,1.331,0.79,16.8,120.6,1,-0.00438,0.00545,0.00729,-0.01023,0.00666,0.01257,0.08245,10,0.1278,0.70354,20.4157,0,1
459,G4B_00990,725,196.0,24.0,0.187,18.117,1.04,0.699,48.5,440.8,1,0.01523,-0.00461,0.03586,0.00521,0.02283,0.04182,0.06445,10,0.95049,0.45752,48.75377,0,0
460,G4B_00991,726,195.0,12.0,0.123,16.965,1.175,0.946,-9.3,116.1,1,-0.00032,-3e-05,0.00305,0.00414,0.00223,0.00595,0.0023,10,0.15014,0.89697,-9.92895,0,0
461,G4B_00992,727,195.0,19.0,0.322,18.005,1.519,0.766,2.8,171.0,1,-0.14906,0.01181,0.01167,-0.0073,0.15153,0.06955,0.30649,10,0.10718,0.57462,15.89761,0,1
462,G4B_00993,728,194.0,18.0,0.267,17.923,0.955,0.941,54.0,236.1,1,0.00346,-0.00356,-2e-05,0.00921,0.00598,0.00925,0.03859,10,0.38655,1.0,64.70922,0,0
463,G4B_00997,732,189.0,13.0,0.248,17.729,1.098,0.848,-24.5,94.5,1,0.00235,-0.00264,0.00401,0.00288,0.00464,0.0076,0.02454,10,0.21807,0.79944,-36.89874,0,0
464,G4B_00999,734,188.0,7.0,0.081,16.367,1.263,0.962,-66.6,92.2,1,-0.00077,-0.00104,-0.00703,-0.00029,0.0021,0.00881,0.00116,10,0.1461,0.92916,-47.61458,0,0
465,G4B_01000,735,188.0,23.0,0.261,17.503,1.758,0.743,-88.7,31.4,1,-0.00965,0.0022,0.00346,0.01202,0.0206,0.02032,0.04614,10,0.22428,0.66438,-97.67384,0,0
466,G4B_01001,736,187.0,32.0,0.48,18.857,1.078,0.928,-62.0,140.7,1,-0.00605,0.00749,-0.0008,0.0011,0.01356,0.01941,0.02803,10,0.75272,0.82438,-42.89135,0,0
467,G4B_01003,738,181.0,18.0,0.373,18.027,1.675,0.888,56.3,28.6,1,-0.00504,-0.00096,-0.00141,0.00491,0.0059,0.00672,0.00713,10,0.1815,0.83793,53.40012,0,0
468,G4B_01004,739,178.0,9.0,0.22,17.284,1.116,0.986,65.3,105.1,1,-0.00029,0.00033,-0.00498,0.00223,0.00143,0.00609,0.0034,10,0.21091,0.96544,55.46331,0,0
469,G4B_01005,740,177.0,34.0,0.482,19.245,0.933,0.882,-80.8,90.2,1,0.00087,-0.00504,-0.00405,-0.01303,0.00843,0.01601,0.00956,10,0.23748,0.79701,-52.03159,0,0
470,G4B_01007,742,175.0,9.0,0.122,16.784,1.48,0.899,-87.8,52.4,1,-0.00019,-0.0013,0.00573,-0.0023,0.00264,0.00873,0.01361,10,0.31141,0.83103,-85.15627,0,0
471,G4B_01008,743,174.0,9.0,0.124,16.569,2.087,0.962,44.6,48.2,1,0.00107,-0.00155,-0.00586,0.00286,0.00311,0.00735,0.00446,10,0.77754,0.90538,46.06853,0,0
472,G4B_01010,745,173.0,33.0,0.486,19.335,0.87,0.905,72.7,260.6,1,-0.01093,0.0024,0.00728,0.0057,0.0117,0.01309,0.04102,10,0.09151,0.83519,63.3247,0,0
473,G4B_01011,746,172.0,10.0,0.196,17.216,1.245,0.745,37.6,117.7,1,0.00037,-0.00174,-0.0099,-0.00425,0.01151,0.01265,0.02078,10,0.80191,0.72383,39.50803,0,0
474,G4B_01012,747,168.0,31.0,0.532,19.529,0.645,0.919,57.4,10028335.6,1,0.05202,-0.01281,0.01675,-0.02037,0.05338,0.02547,0.08852,10,0.18611,0.72469,50.71522,0,1
475,G4B_01013,748,168.0,9.0,0.123,16.967,1.215,0.963,35.1,156.5,1,8e-05,-5e-05,-0.00159,-0.00479,0.00192,0.00639,0.00151,10,0.14604,0.90316,37.87163,0,0
476,G4B_01014,749,167.0,7.0,0.103,16.589,0.978,0.81,-64.8,283.3,1,0.00149,0.0001,0.00544,-0.00375,0.00241,0.00679,0.00281,10,0.23081,0.79088,-72.45044,0,0
477,G4B_01016,751,163.0,7.0,0.103,16.452,1.591,0.821,83.9,68.8,1,-0.00053,-0.00049,0.00446,0.00132,0.00545,0.00583,0.02438,10,1.02927,0.62393,85.70452,0,0
478,G4B_01017,752,162.0,31.0,0.385,18.453,1.331,0.843,29.8,257.5,1,-0.0937,0.01462,0.05665,-0.01663,0.0952,0.07984,0.26028,10,3.54964,0.61328,29.01901,0,1
479,G4B_01019,754,161.0,9.0,0.125,17.087,1.355,0.594,-85.6,108.8,1,0.01867,0.02813,0.02628,0.0054,0.0339,0.02642,0.08965,10,0.61364,0.58236,-86.78764,0,1
480,G4B_01023,758,160.0,14.0,0.213,17.744,1.227,0.922,15.4,121.3,1,0.00394,0.00049,-0.0055,-0.00722,0.00918,0.01181,0.0046,10,0.21807,0.82411,20.5068,0,0
481,G4B_01024,759,160.0,10.0,0.122,16.917,1.337,0.936,-24.1,138.2,1,-0.00167,0.00175,-0.00342,0.00848,0.00582,0.01227,0.0046,10,0.19485,0.90607,-29.11222,0,0
482,G4B_01026,761,156.0,11.0,0.196,17.18,1.49,0.895,-34.8,83.5,1,0.00262,0.00093,-0.00862,0.00545,0.00352,0.01023,0.0036,10,0.14668,0.7902,-28.94498,0,0
483,G4B_01028,763,149.0,9.0,0.133,17.076,1.158,0.967,88.2,123.5,1,-0.00035,-0.00239,0.00958,-0.00225,0.0053,0.01917,0.00556,10,0.11582,0.88268,79.03456,0,0
484,G4B_01035,770,140.0,27.0,0.503,18.65,1.436,0.851,13.9,329.3,1,0.12749,-0.00237,0.01721,-0.01529,0.12767,0.04571,0.26352,10,0.14482,0.54161,16.69792,0,1
485,G4B_01036,771,139.0,8.0,0.092,16.709,1.344,0.736,-57.9,63.9,1,-0.01057,-0.01116,0.00487,-0.00764,0.03409,0.01934,0.06547,10,0.72707,0.59143,-62.35101,0,0
486,G4B_01039,774,135.0,7.0,0.091,16.484,1.566,0.899,83.9,83.1,1,-0.00039,0.00097,0.00214,0.00096,0.00255,0.00277,0.00802,10,0.12614,0.78832,84.87231,0,0
487,G4B_01042,777,129.0,11.0,0.124,16.715,1.381,0.808,25.4,84.8,1,-0.02751,-0.03613,0.05259,-0.02262,0.05765,0.0574,0.10764,10,2.16482,0.54812,24.06549,0,1
