stamp_id,origin,name,src_index,sigma_v,sigma_err,z_l,mag,re_arcsec,q,pa_deg,prom,flag_arcy
0,new,G4_0000,0,193.0,12.0,0.133,17.289,1.075,0.804,-4.7,276.9,1
1,new,G4_0001,1,248.0,14.0,0.184,16.954,2.535,0.758,87.0,247.4,1
2,new,G4_0005,4,195.0,12.0,0.177,17.254,0.941,0.809,-3.6,168.9,1
3,new,G4_0007,6,195.0,8.0,0.116,16.191,1.188,0.951,4.4,185.5,1
4,new,G4_0012,11,256.0,9.0,0.137,16.525,1.505,0.863,-1.2,73.3,1
5,new,G4_0013,12,260.0,30.0,0.458,18.923,1.045,0.892,-72.1,122.4,1
6,new,G4_0015,14,224.0,11.0,0.15,16.712,1.377,0.895,5.7,136.8,1
7,new,G4_0017,16,163.0,25.0,0.463,19.32,0.884,0.807,5.9,159.7,1
8,new,G4_0018,17,228.0,26.0,0.506,19.054,0.828,0.815,-25.3,160.5,1
9,new,G4_0019,18,222.0,38.0,0.119,17.157,0.991,0.736,74.8,334.9,1
10,new,G4_0020,19,230.0,9.0,0.1,16.059,1.325,0.835,-34.2,55.2,1
11,new,G4_0021,20,186.0,13.0,0.137,17.289,0.996,0.928,-55.9,100.9,1
12,new,G4_0026,25,221.0,12.0,0.168,17.097,1.006,0.888,-36.1,106.4,1
13,new,G4_0027,26,231.0,8.0,0.111,16.133,1.502,0.878,65.5,47.6,1
14,new,G4_0028,27,241.0,25.0,0.31,18.018,0.933,0.879,33.4,123.6,1
15,new,G4_0030,29,190.0,24.0,0.554,19.104,1.227,0.959,-36.0,133.6,1
16,new,G4_0031,30,226.0,8.0,0.082,16.05,1.207,0.812,88.1,65.8,1
17,new,G4_0033,32,154.0,8.0,0.117,16.508,1.386,0.883,44.4,47.3,1
18,new,G4_0035,34,128.0,35.0,0.49,19.247,1.028,0.859,78.0,125.3,1
19,new,G4_0036,35,228.0,41.0,0.537,19.273,1.132,0.779,65.1,159.9,1
21,new,G4_0038,37,254.0,14.0,0.221,17.096,1.175,0.878,39.0,273.5,1
22,new,G4_0039,38,195.0,32.0,0.554,19.564,0.746,0.856,49.5,154.9,1
23,new,G4_0040,39,187.0,27.0,0.56,19.604,0.775,0.934,-18.6,272.2,1
24,new,G4_0041,40,215.0,36.0,0.589,18.819,2.565,0.934,35.3,20.5,0
25,new,G4_0042,41,215.0,13.0,0.173,17.105,1.231,0.951,37.4,143.3,1
26,new,G4_0045,44,257.0,15.0,0.178,16.828,1.727,0.869,-27.1,133.3,1
27,new,G4_0046,45,278.0,32.0,0.543,19.537,0.637,0.904,-46.6,169.5,1
28,new,G4_0048,47,202.0,13.0,0.175,17.097,1.215,0.935,52.8,58.0,1
29,new,G4_0049,48,171.0,19.0,0.475,19.386,0.816,0.774,70.0,242.6,1
30,new,G4_0050,49,192.0,9.0,0.127,16.847,2.359,0.749,-72.1,296.5,1
31,new,G4_0052,51,204.0,29.0,0.659,19.585,0.996,0.936,-70.7,220.1,1
32,new,G4_0053,52,215.0,13.0,0.122,16.601,1.423,0.857,45.5,88.3,1
33,new,G4_0054,53,240.0,40.0,0.438,18.847,1.078,0.91,-32.3,87.6,1
34,new,G4_0060,59,197.0,14.0,0.182,17.157,1.295,0.872,-88.0,64.7,1
35,new,G4_0062,61,226.0,8.0,0.079,15.805,1.487,0.769,47.9,52.8,1
36,new,G4_0063,62,171.0,43.0,0.539,19.477,1.136,0.987,-64.3,61.1,1
37,new,G4_0064,63,169.0,15.0,0.142,17.291,1.245,0.978,68.3,79.6,1
39,new,G4_0066,65,221.0,26.0,0.483,19.281,0.84,0.858,23.6,132.1,1
40,new,G4_0071,70,255.0,75.0,0.467,18.291,4.64,0.948,-60.8,10.7,0
41,new,G4_0072,71,290.0,39.0,0.56,19.174,1.098,0.8,-78.0,65.4,1
42,new,G4_0073,72,162.0,7.0,0.072,15.663,1.535,0.861,87.2,44.5,1
43,new,G4_0077,76,200.0,13.0,0.114,17.128,1.196,0.85,57.3,379.3,1
44,new,G4_0080,78,287.0,28.0,0.271,17.609,1.329,0.908,27.8,88.8,1
46,new,G4_0082,80,195.0,5.0,0.084,15.998,1.241,0.861,77.6,108.3,1
47,new,G4_0084,82,170.0,23.0,0.47,19.064,1.55,0.904,-57.1,72.3,1
48,new,G4_0085,83,202.0,8.0,0.084,16.255,1.267,0.882,22.0,83.0,1
49,new,G4_0087,85,200.0,9.0,0.073,16.823,0.795,0.847,-48.0,141.6,1
51,new,G4_0091,89,239.0,8.0,0.09,15.929,1.255,0.894,8.3,88.2,1
52,new,G4_0100,98,153.0,4.0,0.042,15.301,1.53,0.923,21.0,58.2,1
53,new,G4_0101,99,153.0,8.0,0.064,16.428,0.887,0.74,-73.0,246.0,1
54,new,G4_0102,100,193.0,5.0,0.049,15.557,1.287,0.888,-2.9,183.1,1
55,new,G4_0105,103,286.0,28.0,0.363,18.13,1.233,0.858,-41.5,138.3,1
56,new,G4_0106,104,209.0,24.0,0.488,19.42,0.887,0.919,-56.0,95.2,1
57,new,G4_0107,105,209.0,12.0,0.158,16.91,1.11,0.873,33.7,165.1,1
58,new,G4_0108,106,183.0,11.0,0.121,16.72,1.225,0.878,58.7,51.5,1
60,new,G4_0111,109,160.0,8.0,0.13,16.436,1.846,0.947,15.5,99.8,1
62,new,G4_0115,113,189.0,7.0,0.092,16.175,1.425,0.892,70.4,89.6,1
64,new,G4_0118,116,174.0,11.0,0.067,15.719,1.467,0.941,49.1,136.1,1
65,new,G4_0121,119,280.0,21.0,0.304,17.323,1.971,0.908,30.4,37.9,1
66,new,G4_0124,122,212.0,15.0,0.17,16.972,1.489,0.828,-25.1,50.0,1
67,new,G4_0125,123,180.0,19.0,0.152,17.482,1.353,0.986,-42.9,218.5,1
68,new,G4_0126,124,171.0,11.0,0.076,16.684,1.116,0.91,-33.3,112.4,1
69,new,G4_0127,125,261.0,14.0,0.128,16.933,0.978,0.918,-87.7,170.1,1
71,new,G4_0141,138,231.0,12.0,0.206,17.23,1.075,0.916,42.8,106.7,1
72,new,G4_0146,143,207.0,13.0,0.142,17.226,1.532,0.879,-15.6,118.7,1
73,new,G4_0149,146,245.0,9.0,0.125,16.232,1.443,0.865,14.7,52.4,1
75,new,G4_0152,149,185.0,6.0,0.123,16.711,1.175,0.85,86.8,185.3,1
76,new,G4_0153,150,170.0,11.0,0.13,16.87,1.249,0.898,-85.8,95.3,1
77,new,G4_0156,153,239.0,11.0,0.142,16.54,1.337,0.716,22.1,120.0,1
78,new,G4_0158,155,242.0,13.0,0.229,16.926,1.554,0.951,-44.5,35.8,1
79,new,G4_0160,157,270.0,9.0,0.094,15.52,1.829,0.823,-12.9,98.2,1
80,new,G4_0162,159,225.0,9.0,0.114,16.29,1.425,0.871,22.2,145.0,1
81,new,G4_0184,180,232.0,10.0,0.142,16.501,1.755,0.926,73.1,72.0,1
84,new,G4_0190,186,204.0,14.0,0.131,17.277,1.245,0.888,-48.8,105.3,1
85,new,G4_0193,189,267.0,21.0,0.229,17.388,1.575,0.875,22.5,54.8,1
86,new,G4_0194,190,236.0,9.0,0.087,15.57,1.663,0.899,-72.3,69.3,1
88,new,G4_0198,194,252.0,11.0,0.188,16.649,1.477,0.953,42.4,0.0,0
89,new,G4_0200,196,407.0,57.0,0.417,18.023,1.196,0.833,54.4,101.4,1
90,old_train,J0028-0929,0,158.802,5.099163,0.05651893,15.562,2.385,0.82,-38.8,29.4,1
91,old_train,J0354-0648,1,159.7191,7.583535,0.1300709,16.436,1.846,0.947,15.5,99.8,1
92,old_train,J0847+0318,5,200.1411,10.75085,0.1191583,17.094,1.325,0.809,66.0,204.6,1
93,old_train,J0912+4136,6,215.4401,7.141256,0.06453554,15.877,1.287,0.772,11.8,121.9,1
94,old_train,J0934+6034,8,204.6884,9.180329,0.1010743,16.617,1.255,0.742,48.3,81.8,1
95,old_train,J0953+5205,9,203.7331,14.47386,0.1309633,17.277,1.245,0.888,-48.8,105.3,1
96,old_train,J1025-0035,10,241.1717,10.57824,0.1589206,16.062,2.122,0.919,-81.4,51.0,1
97,old_train,J1039+0513,11,174.2659,11.46401,0.06681362,15.719,1.472,0.941,49.1,136.7,1
98,old_train,J1159+5447,17,226.3887,8.108258,0.08176615,16.05,1.207,0.812,88.1,65.8,1
99,old_train,J1211+4550,19,230.7908,8.033003,0.1110025,16.133,1.502,0.878,65.5,47.6,1
100,old_train,J1244+0111,20,162.3073,6.531673,0.07245521,15.66,1.537,0.862,87.2,44.4,1
101,old_train,J1343+6052,22,195.5744,4.380127,0.03430038,14.312,2.033,0.867,-6.6,27.2,1
102,old_train,J1436+4939,24,215.381,12.54941,0.1224585,16.601,1.423,0.857,45.5,88.3,1
103,old_train,J1452-0058,26,195.1452,12.18758,0.1769851,17.263,0.933,0.807,-3.6,178.0,1
104,old_train,J1520-0034,28,200.2067,13.40732,0.1139796,17.13,1.186,0.851,57.0,390.3,1
105,old_train,J1524-0052,29,180.2525,19.4057,0.1523808,17.48,1.355,0.986,-42.9,215.1,1
106,old_train,J1525+0114,30,169.8152,10.63076,0.1295882,16.87,1.249,0.898,-85.8,95.3,1
107,old_train,J1535-0038,31,230.4983,14.84028,0.1613446,16.912,1.169,0.789,-11.4,356.4,1
108,old_train,J1547+5720,34,251.8785,11.19477,0.1882759,16.649,1.48,0.953,42.4,0.0,0
109,old_train,J1717+5739,37,224.5882,9.35145,0.1143404,16.293,1.423,0.871,22.2,146.2,1
110,old_train,J2225+1259,40,240.8054,24.72314,0.3103456,18.018,0.933,0.879,33.4,123.6,1
111,old_train,SDSSJ0152+1414,44,124.6946,21.08048,0.1359486,17.378,1.69,0.872,39.9,55.5,1
112,old_train,SDSSJ0207+0045,45,153.0967,4.228814,0.04186494,15.301,1.53,0.923,21.0,58.2,1
113,old_train,SDSSJ0753+3839,46,38.07081,13.93519,0.04075799,17.556,1.63,0.924,16.6,48.3,1
114,old_train,SDSSJ0824+2242,48,317.9657,24.14561,0.2801243,17.071,2.189,0.979,71.8,238.5,1
115,old_train,SDSSJ0831+1940,49,156.7852,6.828432,0.08760329,16.98,1.035,0.842,-3.7,42.9,1
116,old_train,SDSSJ0844+2113,51,256.813,15.44723,0.1778946,16.826,1.728,0.869,-27.1,133.4,1
117,old_train,SDSSJ0849+2031,52,202.1686,8.212989,0.08435504,16.256,1.267,0.882,22.0,83.1,1
118,old_train,SDSSJ0902+5158,54,256.0936,8.689559,0.1365601,16.525,1.505,0.863,-1.2,73.5,1
119,old_train,SDSSJ1102+3655,59,269.5753,9.155909,0.09364215,15.518,1.827,0.823,-12.8,98.1,1
120,old_train,SDSSJ1119+1357,61,204.9122,5.310751,0.067779,15.293,2.928,0.776,62.2,26.0,1
121,old_train,SDSSJ1121+5822,62,201.7692,12.80379,0.1750709,17.092,1.221,0.935,52.9,57.5,1
122,old_train,SDSSJ1229+1615,65,183.3826,11.09101,0.1206733,16.726,1.219,0.878,58.7,52.2,1
123,old_train,SDSSJ1235+3919,66,168.16,6.61718,0.06228075,15.542,1.771,0.861,-29.1,46.4,1
124,old_train,SDSSJ1242+0248,68,231.347,12.192,0.2055689,17.231,1.075,0.916,42.8,107.1,1
125,old_train,SDSSJ1405+1353,72,192.6526,12.01328,0.1330534,17.274,1.091,0.806,-4.8,259.3,1
126,old_train,SDSSJ1406+2528,73,407.8484,17.74604,0.1193072,16.734,0.549,0.935,23.3,344.2,1
127,old_train,SDSSJ1514+3003,75,189.366,7.351021,0.09231693,16.173,1.425,0.892,70.4,88.6,1
128,old_train,SDSSJ1609+1805,79,224.3478,10.91318,0.149653,16.716,1.381,0.896,5.7,138.6,1
129,old_train,SDSSJ1629+1331,80,177.1331,9.36642,0.1222489,17.004,1.098,0.885,-3.8,242.1,1
130,old_train,SDSSJ2134+1043,81,241.9724,13.37263,0.2290214,16.925,1.556,0.951,-44.6,36.0,1
