name,ra_deg,dec_deg,theta_E_pub,q_pub,survey,src_table
G4_0000,211.31967,13.89483,0.0,0.0,LRGDEFL2,prop12210_vd193_ve12_z0.133
G4_0001,140.17562,36.08900,0.0,0.0,LRGDEFL2,prop12210_vd248_ve14_z0.184
G4_0002,228.63725,32.99578,0.0,0.0,LRGDEFL2,prop12210_vd201_ve9_z0.112
G4_0003,134.48333,53.64550,0.0,0.0,LRGDEFL2,prop12210_vd215_ve9_z0.088
G4_0004,332.48721,-7.91331,0.0,0.0,LRGDEFL2,prop10587_vd230_ve16_z0.111
G4_0005,223.07896,-0.97228,0.0,0.0,LRGDEFL2,prop10587_vd195_ve12_z0.177
G4_0006,198.36129,5.11589,0.0,0.0,LRGDEFL2,prop10587_vd252_ve16_z0.144
G4_0007,119.64450,30.57869,0.0,0.0,LRGDEFL2,prop10587_vd195_ve8_z0.116
G4_0008,194.62037,-2.99444,0.0,0.0,LRGDEFL2,prop12210_vd152_ve9_z0.111
G4_0009,153.21575,55.52367,0.0,0.0,LRGDEFL2,prop12210_vd204_ve9_z0.171
G4_0010,329.41192,0.07136,0.0,0.0,LRGDEFL2,prop12210_vd179_ve14_z0.144
G4_0011,197.71425,2.33611,0.0,0.0,LRGDEFL2,prop12210_vd66_ve26_z0.067
G4_0012,135.68588,51.97572,0.0,0.0,LRGDEFL2,prop12210_vd256_ve9_z0.137
G4_0013,345.89656,0.61758,0.0,0.0,LRGDEFL2,prop12209_vd260_ve30_z0.458
G4_0014,6.50775,-0.99611,0.0,0.0,LRGDEFL2,prop12210_vd73_ve20_z0.092
G4_0015,242.43350,18.08453,0.0,0.0,LRGDEFL2,prop12210_vd224_ve11_z0.150
G4_0016,185.30530,-2.34384,0.0,0.0,LRGDEFL2,prop12209_vd277_ve39_z0.406
G4_0017,208.07909,32.28107,0.0,0.0,LRGDEFL2,prop12209_vd163_ve25_z0.463
G4_0018,125.37770,37.55852,0.0,0.0,LRGDEFL2,prop12209_vd228_ve26_z0.506
G4_0019,157.93304,42.31647,0.0,0.0,LRGDEFL2,prop12210_vd222_ve38_z0.119
G4_0020,131.97908,29.42567,0.0,0.0,LRGDEFL2,prop12210_vd230_ve9_z0.100
G4_0021,167.07375,2.87814,0.0,0.0,LRGDEFL2,prop10587_vd186_ve13_z0.137
G4_0022,222.24271,-1.27075,0.0,0.0,LRGDEFL2,prop10587_vd186_ve9_z0.147
G4_0023,177.74183,29.73833,0.0,0.0,LRGDEFL2,prop12210_vd223_ve14_z0.235
G4_0024,123.31642,9.99808,0.0,0.0,LRGDEFL2,prop12210_vd198_ve13_z0.157
G4_0025,235.25316,41.51632,0.0,0.0,LRGDEFL2,prop10886_vd195_ve11_z0.142
G4_0026,256.51534,33.06694,0.0,0.0,LRGDEFL2,prop10886_vd221_ve12_z0.168
G4_0027,182.99479,45.84350,0.0,0.0,LRGDEFL2,prop10886_vd231_ve8_z0.111
G4_0028,336.40558,12.99933,0.0,0.0,LRGDEFL2,prop10886_vd241_ve25_z0.310
G4_0029,161.52887,41.85447,0.0,0.0,LRGDEFL2,prop10886_vd188_ve10_z0.103
G4_0030,130.34064,50.28899,0.0,0.0,LRGDEFL2,prop12209_vd190_ve24_z0.554
G4_0031,179.77275,54.79397,0.0,0.0,LRGDEFL2,prop10886_vd226_ve8_z0.082
G4_0032,215.57812,2.05453,0.0,0.0,LRGDEFL2,prop12210_vd171_ve9_z0.110
G4_0033,202.06333,1.94250,0.0,0.0,LRGDEFL2,prop12210_vd154_ve8_z0.117
G4_0034,14.52804,-10.33703,0.0,0.0,LRGDEFL2,prop12210_vd295_ve23_z0.309
G4_0035,188.61662,-2.69156,0.0,0.0,LRGDEFL2,prop12209_vd128_ve35_z0.490
G4_0036,33.06167,0.45531,0.0,0.0,LRGDEFL2,prop12209_vd228_ve41_z0.537
G4_0037,236.26490,27.80150,0.0,0.0,LRGDEFL2,prop12209_vd237_ve36_z0.522
G4_0038,159.99075,9.56419,0.0,0.0,LRGDEFL2,prop10587_vd254_ve14_z0.221
G4_0039,130.22573,50.86475,0.0,0.0,LRGDEFL2,prop12209_vd195_ve32_z0.554
G4_0040,235.32733,18.20975,0.0,0.0,LRGDEFL2,prop12209_vd187_ve27_z0.560
G4_0041,243.84813,20.94342,0.0,0.0,LRGDEFL2,prop12209_vd215_ve36_z0.589
G4_0042,221.57742,49.72692,0.0,0.0,LRGDEFL2,prop12210_vd215_ve13_z0.173
G4_0043,172.32025,19.89667,0.0,0.0,LRGDEFL2,prop12210_vd231_ve16_z0.132
G4_0044,129.36258,49.61769,0.0,0.0,LRGDEFL2,prop12209_vd144_ve29_z0.551
G4_0045,131.21342,21.22122,0.0,0.0,LRGDEFL2,prop12210_vd257_ve15_z0.178
G4_0046,240.30533,21.64276,0.0,0.0,LRGDEFL2,prop12209_vd278_ve32_z0.543
G4_0047,185.46633,38.10292,0.0,0.0,LRGDEFL2,prop12209_vd219_ve49_z0.535
G4_0048,170.44213,58.38164,0.0,0.0,LRGDEFL2,prop12210_vd202_ve13_z0.175
G4_0049,206.11650,32.97350,0.0,0.0,LRGDEFL2,prop12209_vd171_ve19_z0.475
G4_0050,187.72275,65.32081,0.0,0.0,LRGDEFL2,prop12210_vd192_ve9_z0.127
G4_0051,120.27203,47.46377,0.0,0.0,LRGDEFL2,prop12209_vd117_ve25_z0.483
G4_0052,199.62246,-1.07267,0.0,0.0,LRGDEFL2,prop12209_vd204_ve29_z0.659
G4_0053,219.03958,49.65758,0.0,0.0,LRGDEFL2,prop10587_vd215_ve13_z0.122
G4_0054,116.85045,50.92707,0.0,0.0,LRGDEFL2,prop12209_vd240_ve40_z0.438
G4_0055,157.36475,61.25142,0.0,0.0,LRGDEFL2,prop10587_vd234_ve14_z0.157
G4_0056,204.46379,36.33836,0.0,0.0,LRGDEFL2,prop12209_vd245_ve39_z0.564
G4_0057,159.92153,-0.24012,0.0,0.0,LRGDEFL2,prop12209_vd134_ve24_z0.385
G4_0058,246.97734,19.16804,0.0,0.0,LRGDEFL2,prop12209_vd236_ve29_z0.525
G4_0059,147.09375,33.95889,0.0,0.0,LRGDEFL2,prop12210_vd145_ve7_z0.081
G4_0060,174.73542,11.57672,0.0,0.0,LRGDEFL2,prop12210_vd197_ve14_z0.182
G4_0061,244.69479,19.50742,0.0,0.0,LRGDEFL2,prop12209_vd326_ve90_z0.491
G4_0062,241.22287,33.92950,0.0,0.0,LRGDEFL2,prop10886_vd226_ve8_z0.079
G4_0063,146.11446,-1.79511,0.0,0.0,LRGDEFL2,prop12209_vd171_ve43_z0.539
G4_0064,241.86896,15.75236,0.0,0.0,LRGDEFL2,prop12210_vd169_ve15_z0.142
G4_0065,138.81913,-0.91684,0.0,0.0,LRGDEFL2,prop12209_vd216_ve16_z0.402
G4_0066,234.37616,2.34359,0.0,0.0,LRGDEFL2,prop12209_vd221_ve26_z0.483
G4_0067,152.39329,1.88483,0.0,0.0,LRGDEFL2,prop12210_vd216_ve24_z0.335
G4_0068,225.94040,32.42839,0.0,0.0,LRGDEFL2,prop12209_vd395_ve94_z0.606
G4_0069,320.71686,4.15989,0.0,0.0,LRGDEFL2,prop12209_vd308_ve49_z0.626
G4_0070,230.53979,29.17275,0.0,0.0,LRGDEFL2,prop12209_vd252_ve46_z0.556
G4_0071,169.40720,-1.55247,0.0,0.0,LRGDEFL2,prop12209_vd255_ve75_z0.467
G4_0072,223.24644,33.39708,0.0,0.0,LRGDEFL2,prop12209_vd290_ve39_z0.560
G4_0073,191.10837,1.19636,0.0,0.0,LRGDEFL2,prop10587_vd162_ve7_z0.072
G4_0074,116.89476,44.81644,0.0,0.0,LRGDEFL2,prop12209_vd232_ve40_z0.436
G4_0075,211.58767,25.47972,0.0,0.0,LRGDEFL2,prop12210_vd408_ve18_z0.119
G4_0076,114.77558,32.02669,0.0,0.0,LRGDEFL2,prop12210_vd198_ve7_z0.186
G4_0077,230.03788,-0.58256,0.0,0.0,LRGDEFL2,prop10587_vd200_ve13_z0.114
G4_0078,355.99529,-0.50626,0.0,0.0,LRGDEFL2,prop10886_vd256_ve11_z0.181
G4_0079,207.29296,36.21102,0.0,0.0,LRGDEFL2,prop12209_vd198_ve23_z0.440
G4_0080,137.72129,5.33978,0.0,0.0,LRGDEFL2,prop10886_vd287_ve28_z0.271
G4_0081,122.24492,47.11081,0.0,0.0,LRGDEFL2,prop10886_vd227_ve11_z0.219
G4_0082,159.91096,15.92200,0.0,0.0,LRGDEFL2,prop12210_vd195_ve5_z0.084
G4_0083,16.38925,1.18739,0.0,0.0,LRGDEFL2,prop12210_vd149_ve55_z0.358
G4_0084,154.24284,-2.14259,0.0,0.0,LRGDEFL2,prop12209_vd170_ve23_z0.470
G4_0085,132.46467,20.52508,0.0,0.0,LRGDEFL2,prop12210_vd202_ve8_z0.084
G4_0086,235.69304,16.49772,0.0,0.0,LRGDEFL2,prop12209_vd218_ve17_z0.352
G4_0087,194.61433,37.06125,0.0,0.0,LRGDEFL2,prop12210_vd200_ve9_z0.073
G4_0088,242.79087,17.09072,0.0,0.0,LRGDEFL2,prop12209_vd100_ve22_z0.477
G4_0089,249.31077,14.65839,0.0,0.0,LRGDEFL2,prop12209_vd215_ve35_z0.391
G4_0090,127.70717,51.27547,0.0,0.0,LRGDEFL2,prop12209_vd226_ve33_z0.530
G4_0091,345.58408,-8.68039,0.0,0.0,LRGDEFL2,prop10587_vd239_ve8_z0.090
G4_0092,317.80117,-0.64072,0.0,0.0,LRGDEFL2,prop10587_vd199_ve17_z0.193
G4_0093,247.95971,18.90114,0.0,0.0,LRGDEFL2,prop12209_vd294_ve17_z0.408
G4_0094,7.07446,-9.49286,0.0,0.0,LRGDEFL2,prop10587_vd159_ve5_z0.057
G4_0095,115.71600,34.83383,0.0,0.0,LRGDEFL2,prop10587_vd163_ve10_z0.085
G4_0096,135.83129,31.66421,0.0,0.0,LRGDEFL2,prop10886_vd260_ve15_z0.271
G4_0097,143.60475,60.57308,0.0,0.0,LRGDEFL2,prop10587_vd205_ve9_z0.101
G4_0098,340.48212,12.47053,0.0,0.0,LRGDEFL2,prop10587_vd144_ve28_z0.100
G4_0099,169.93479,13.96292,0.0,0.0,LRGDEFL2,prop12210_vd205_ve5_z0.068
G4_0100,31.75900,0.75644,0.0,0.0,LRGDEFL2,prop12210_vd153_ve4_z0.042
G4_0101,156.22079,40.24111,0.0,0.0,LRGDEFL2,prop12210_vd153_ve8_z0.064
G4_0102,237.51300,52.97958,0.0,0.0,LRGDEFL2,prop10587_vd193_ve5_z0.049
G4_0103,205.78438,60.46522,0.0,0.0,LRGDEFL2,prop10587_vd179_ve9_z0.120
G4_0104,24.88329,-10.58431,0.0,0.0,LRGDEFL2,prop12210_vd206_ve13_z0.222
G4_0105,321.29446,4.19211,0.0,0.0,LRGDEFL2,prop12209_vd286_ve28_z0.363
G4_0106,206.28176,-1.49439,0.0,0.0,LRGDEFL2,prop12209_vd209_ve24_z0.488
G4_0107,216.39808,9.85003,0.0,0.0,LRGDEFL2,prop12210_vd209_ve12_z0.158
G4_0108,187.39946,16.25550,0.0,0.0,LRGDEFL2,prop12210_vd183_ve11_z0.121
G4_0109,245.27079,5.88042,0.0,0.0,LRGDEFL2,prop12210_vd195_ve22_z0.154
G4_0110,320.46300,12.05358,0.0,0.0,LRGDEFL2,prop10587_vd196_ve10_z0.143
G4_0111,58.74363,-6.81189,0.0,0.0,LRGDEFL2,prop10587_vd160_ve8_z0.130
G4_0112,188.83121,39.33156,0.0,0.0,LRGDEFL2,prop12210_vd168_ve7_z0.062
G4_0113,138.18458,41.61028,0.0,0.0,LRGDEFL2,prop10587_vd215_ve7_z0.065
G4_0114,165.79525,36.43053,0.0,0.0,LRGDEFL2,prop12210_vd290_ve15_z0.157
G4_0115,228.56408,30.06164,0.0,0.0,LRGDEFL2,prop12210_vd189_ve7_z0.092
G4_0116,232.80187,6.87036,0.0,0.0,LRGDEFL2,prop12210_vd264_ve15_z0.208
G4_0117,247.36479,13.52006,0.0,0.0,LRGDEFL2,prop12210_vd177_ve9_z0.122
G4_0118,159.76758,5.22658,0.0,0.0,LRGDEFL2,prop10587_vd174_ve11_z0.067
G4_0119,127.76425,19.68244,0.0,0.0,LRGDEFL2,prop12210_vd157_ve7_z0.088
G4_0120,325.47783,-0.02008,0.0,0.0,LRGDEFL2,prop10587_vd184_ve13_z0.138
G4_0121,216.24292,1.15361,0.0,0.0,LRGDEFL2,prop12210_vd280_ve21_z0.304
G4_0122,210.24562,29.55969,0.0,0.0,LRGDEFL2,prop12210_vd176_ve21_z0.341
G4_0123,196.56450,55.76078,0.0,0.0,LRGDEFL2,prop12210_vd141_ve8_z0.065
G4_0124,319.95688,-7.70047,0.0,0.0,LRGDEFL2,prop10587_vd212_ve15_z0.170
G4_0125,231.18488,-0.86922,0.0,0.0,LRGDEFL2,prop10587_vd180_ve19_z0.152
G4_0126,141.67171,7.37847,0.0,0.0,LRGDEFL2,prop12210_vd171_ve11_z0.076
G4_0127,174.15054,4.44028,0.0,0.0,LRGDEFL2,prop10587_vd261_ve14_z0.128
G4_0128,180.83458,15.98314,0.0,0.0,LRGDEFL2,prop12210_vd250_ve25_z0.265
G4_0129,243.65725,45.38147,0.0,0.0,LRGDEFL2,prop10587_vd178_ve23_z0.178
G4_0130,205.78850,60.86933,0.0,0.0,LRGDEFL2,prop10587_vd196_ve4_z0.034
G4_0131,217.66600,51.25853,0.0,0.0,LRGDEFL2,prop10587_vd213_ve10_z0.134
G4_0132,359.19833,14.45506,0.0,0.0,LRGDEFL2,prop12210_vd207_ve15_z0.145
G4_0133,141.49729,8.23661,0.0,0.0,LRGDEFL2,prop10587_vd111_ve26_z0.134
G4_0134,175.21963,56.67900,0.0,0.0,LRGDEFL2,prop10587_vd162_ve9_z0.067
G4_0135,178.03737,0.90861,0.0,0.0,LRGDEFL2,prop10587_vd224_ve18_z0.106
G4_0136,28.11575,14.24439,0.0,0.0,LRGDEFL2,prop12210_vd125_ve21_z0.136
G4_0137,131.77871,3.30625,0.0,0.0,LRGDEFL2,prop10587_vd200_ve11_z0.119
G4_0138,129.11321,52.61578,0.0,0.0,LRGDEFL2,prop12210_vd211_ve11_z0.124
G4_0139,126.15350,22.70075,0.0,0.0,LRGDEFL2,prop12210_vd318_ve24_z0.280
G4_0140,332.93171,-8.71956,0.0,0.0,LRGDEFL2,prop12210_vd137_ve6_z0.068
G4_0141,190.62133,2.81044,0.0,0.0,LRGDEFL2,prop12210_vd231_ve12_z0.206
G4_0142,143.16333,61.89522,0.0,0.0,LRGDEFL2,prop12210_vd203_ve13_z0.123
G4_0143,48.72313,-0.59136,0.0,0.0,LRGDEFL2,prop12210_vd197_ve15_z0.115
G4_0144,228.77150,61.48003,0.0,0.0,LRGDEFL2,prop10587_vd236_ve21_z0.242
G4_0145,31.74983,1.25481,0.0,0.0,LRGDEFL2,prop12210_vd188_ve13_z0.137
G4_0146,234.29692,41.43183,0.0,0.0,LRGDEFL2,prop10886_vd207_ve13_z0.142
G4_0147,235.70675,32.23569,0.0,0.0,LRGDEFL2,prop12210_vd170_ve12_z0.092
G4_0148,118.50279,42.04675,0.0,0.0,LRGDEFL2,prop12210_vd340_ve29_z0.363
G4_0149,222.81842,29.85106,0.0,0.0,LRGDEFL2,prop12210_vd245_ve9_z0.125
G4_0150,248.41358,-0.21558,0.0,0.0,LRGDEFL2,prop10587_vd191_ve8_z0.070
G4_0151,180.85367,2.55028,0.0,0.0,LRGDEFL2,prop10587_vd213_ve12_z0.164
G4_0152,255.05825,62.35261,0.0,0.0,LRGDEFL2,prop10587_vd185_ve6_z0.123
G4_0153,231.35262,1.23381,0.0,0.0,LRGDEFL2,prop10587_vd170_ve11_z0.130
G4_0154,189.71504,67.15781,0.0,0.0,LRGDEFL2,prop12210_vd222_ve10_z0.231
G4_0155,52.51033,-0.85911,0.0,0.0,LRGDEFL2,prop12210_vd183_ve45_z0.341
G4_0156,177.01108,31.05675,0.0,0.0,LRGDEFL2,prop12210_vd239_ve11_z0.142
G4_0157,192.13467,44.98214,0.0,0.0,LRGDEFL2,prop12210_vd236_ve24_z0.263
G4_0158,323.61021,10.72031,0.0,0.0,LRGDEFL2,prop12210_vd242_ve13_z0.229
G4_0159,135.44279,55.68389,0.0,0.0,LRGDEFL2,prop12210_vd194_ve10_z0.116
G4_0160,165.51392,36.92497,0.0,0.0,LRGDEFL2,prop12210_vd270_ve9_z0.094
G4_0161,170.67221,47.80628,0.0,0.0,LRGDEFL2,prop12210_vd108_ve12_z0.109
G4_0162,259.34642,57.66333,0.0,0.0,LRGDEFL2,prop10587_vd225_ve9_z0.114
G4_0163,138.63308,5.14919,0.0,0.0,LRGDEFL2,prop12210_vd209_ve11_z0.136
G4_0164,128.15458,13.57975,0.0,0.0,LRGDEFL2,prop12210_vd313_ve28_z0.397
G4_0165,167.86675,22.58072,0.0,0.0,LRGDEFL2,prop12292_vd233_ve10_z0.222
G4_0166,125.48857,10.43225,0.0,0.0,LRGDEFL2,prop12292_vd144_ve12_z0.094
G4_0167,215.60904,41.57661,0.0,0.0,LRGDEFL2,prop12292_vd87_ve20_z0.101
G4_0168,192.46767,2.41794,0.0,0.0,LRGDEFL2,prop12292_vd148_ve10_z0.096
G4_0169,173.77867,37.33994,0.0,0.0,LRGDEFL2,prop12292_vd213_ve15_z0.162
G4_0170,150.01121,28.59569,0.0,0.0,LRGDEFL2,prop12292_vd172_ve10_z0.088
G4_0171,27.40139,-0.16911,0.0,0.0,LRGDEFL2,prop12292_vd189_ve48_z0.244
G4_0172,52.46552,-0.46060,0.0,0.0,LRGDEFL2,prop12292_vd182_ve33_z0.243
G4_0173,125.61447,18.48218,0.0,0.0,LRGDEFL2,prop12292_vd159_ve9_z0.115
G4_0174,353.27204,-10.70328,0.0,0.0,LRGDEFL2,prop12292_vd235_ve9_z0.145
G4_0175,126.32075,21.16103,0.0,0.0,LRGDEFL2,prop12292_vd153_ve18_z0.101
G4_0176,138.81779,42.19797,0.0,0.0,LRGDEFL2,prop12292_vd176_ve7_z0.078
G4_0177,210.79900,15.51106,0.0,0.0,LRGDEFL2,prop12292_vd146_ve10_z0.098
G4_0178,247.29129,47.14531,0.0,0.0,LRGDEFL2,prop12292_vd172_ve8_z0.128
G4_0179,222.87262,25.84861,0.0,0.0,LRGDEFL2,prop12292_vd140_ve7_z0.051
G4_0180,142.57255,28.91672,0.0,0.0,LRGDEFL2,prop12292_vd417_ve52_z0.305
G4_0181,155.43508,20.47773,0.0,0.0,LRGDEFL2,prop12292_vd195_ve11_z0.121
G4_0182,1.88645,0.88974,0.0,0.0,LRGDEFL2,prop12292_vd197_ve49_z0.275
G4_0183,248.41483,13.68708,0.0,0.0,LRGDEFL2,prop12292_vd132_ve13_z0.117
G4_0184,120.67008,45.08132,0.0,0.0,LRGDEFL2,prop10174_vd232_ve10_z0.142
G4_0185,178.79204,62.62282,0.0,0.0,LRGDEFL2,prop10174_vd342_ve45_z0.375
G4_0186,156.46388,-0.58818,0.0,0.0,LRGDEFL2,prop10174_vd241_ve11_z0.159
G4_0187,194.82946,61.56900,0.0,0.0,LRGDEFL2,prop10174_vd266_ve19_z0.233
G4_0188,255.56983,33.34578,0.0,0.0,LRGDEFL2,prop10174_vd250_ve13_z0.178
G4_0189,120.99254,45.61545,0.0,0.0,LRGDEFL2,prop10174_vd230_ve12_z0.131
G4_0190,148.33508,52.09547,0.0,0.0,LRGDEFL2,prop10174_vd204_ve14_z0.131
G4_0191,330.57633,-8.78000,0.0,0.0,LRGDEFL2,prop10174_vd204_ve12_z0.161
G4_0192,202.68971,-1.81157,0.0,0.0,LRGDEFL2,prop10174_vd183_ve9_z0.081
G4_0193,169.41500,5.57055,0.0,0.0,LRGDEFL2,prop10174_vd267_ve21_z0.229
G4_0194,192.71050,-1.59213,0.0,0.0,LRGDEFL2,prop10174_vd236_ve9_z0.087
G4_0195,124.88304,45.57912,0.0,0.0,LRGDEFL2,prop10174_vd206_ve14_z0.194
G4_0196,233.87658,-0.64786,0.0,0.0,LRGDEFL2,prop10174_vd230_ve15_z0.161
G4_0197,259.65583,64.41451,0.0,0.0,LRGDEFL2,prop10174_vd257_ve15_z0.090
G4_0198,236.88008,57.33329,0.0,0.0,LRGDEFL2,prop10174_vd252_ve11_z0.188
G4_0199,244.67958,43.89096,0.0,0.0,LRGDEFL2,prop10174_vd296_ve24_z0.199
G4_0200,356.86704,-0.08924,0.0,0.0,LRGDEFL2,prop10174_vd407_ve57_z0.417
